monthly_spend,visits_per_month,months_since_signup,avg_order_value,support_tickets,tier
960.2,4.5,43,126.8,2,1
293.5,8.0,46,54.7,0,2
1399.4,5.8,28,69.0,1,2
922.3,3.8,4,41.2,2,0
833.0,5.7,57,145.9,1,2
263.6,2.9,52,99.8,3,0
445.1,5.9,55,92.0,0,1
1842.8,3.1,22,122.4,2,0
601.1,5.0,6,198.8,1,1
380.5,1.8,6,46.9,0,0
773.7,4.5,54,72.9,1,1
587.8,4.6,7,180.5,1,0
930.5,4.1,16,74.6,0,0
994.3,7.9,16,97.6,1,1
680.7,5.1,34,53.4,0,1
636.5,4.4,42,274.8,0,2
660.4,2.2,40,45.7,0,1
819.6,6.3,8,98.1,0,1
613.9,5.5,25,377.0,1,2
876.3,3.1,6,69.4,0,0
497.0,3.4,16,98.1,1,0
164.7,6.5,42,29.6,1,2
754.2,2.8,15,41.0,0,0
1564.1,3.1,7,83.4,1,0
594.1,3.0,41,82.6,1,1
273.8,1.9,11,197.4,0,0
622.4,8.0,53,69.5,1,2
1440.0,2.9,4,108.0,3,0
1301.8,4.7,24,106.4,0,1
328.3,8.6,30,107.4,0,2
1069.9,4.7,35,366.2,0,2
598.7,4.0,39,45.1,0,1
480.6,5.5,24,74.4,0,1
211.2,3.7,41,133.2,0,1
580.7,6.1,27,77.5,0,1
1059.5,3.8,34,87.6,1,0
674.0,4.0,45,28.9,1,1
611.7,4.2,37,45.6,1,1
660.8,1.9,14,155.0,0,0
170.2,2.4,47,194.3,3,0
163.7,5.4,60,134.5,0,2
883.2,4.6,16,250.8,1,1
1730.8,5.5,57,68.0,1,2
749.0,1.3,54,151.2,1,1
561.3,6.0,19,28.2,1,1
685.3,5.3,55,55.1,0,1
1822.1,5.0,22,169.4,3,2
925.7,5.7,24,69.4,0,1
1304.6,3.2,15,146.5,1,0
1180.1,0.8,42,75.8,2,0
747.7,2.1,59,94.1,0,1
981.3,5.7,6,119.5,1,0
1378.4,2.9,29,23.9,1,0
814.9,2.7,55,233.5,1,1
598.7,5.4,48,161.2,0,2
273.8,4.2,16,117.4,1,0
669.9,4.3,3,251.0,1,0
1044.5,1.2,9,74.4,0,0
253.1,6.0,35,61.6,1,0
692.5,4.7,11,185.5,0,1
622.0,1.1,51,60.5,1,0
1105.5,6.2,38,320.7,1,2
168.8,4.0,34,91.8,0,0
878.2,4.2,23,328.6,0,2
212.9,0.7,5,47.8,1,0
1106.8,5.3,22,59.2,0,1
1133.8,6.2,16,216.6,0,2
1614.2,2.0,59,195.4,1,2
399.6,4.5,50,156.1,1,2
574.5,3.9,32,14.3,0,0
475.0,5.0,46,18.0,0,1
425.9,5.7,19,204.0,3,0
617.7,2.9,33,138.8,0,1
1608.0,6.1,46,38.5,0,2
385.8,6.0,29,111.2,0,1
696.6,3.9,23,62.5,1,1
765.5,6.5,44,125.8,1,1
858.2,6.6,12,114.0,0,1
964.6,3.7,50,119.9,2,1
986.9,4.2,56,90.2,1,2
327.5,3.0,22,32.5,0,0
769.9,5.3,27,70.8,1,1
381.4,4.2,52,195.6,0,0
362.4,3.7,59,92.7,0,1
409.9,3.1,43,65.1,0,0
561.5,1.8,32,20.7,1,0
500.2,5.3,19,80.7,3,0
463.6,5.4,37,299.8,1,2
556.9,7.2,52,39.1,0,2
782.9,4.8,13,214.8,1,1
352.2,2.0,8,42.3,0,0
274.7,7.7,33,47.5,1,1
773.9,5.6,44,131.5,0,2
232.8,4.2,58,48.4,4,0
1298.3,3.8,55,211.3,1,2
869.0,7.5,11,50.8,0,1
575.7,3.1,41,47.4,1,0
1216.0,4.6,16,112.0,1,1
706.5,3.9,60,25.8,3,1
865.0,5.2,37,48.0,0,2
832.9,6.3,23,65.3,2,1
433.6,5.1,37,130.9,2,0
1447.9,2.8,25,62.4,0,1
208.1,3.1,43,139.0,2,1
300.8,3.0,3,154.9,0,0
471.8,4.3,23,17.2,0,0
176.2,2.3,51,93.9,3,0
1124.1,3.6,24,62.6,2,0
781.2,3.4,49,130.0,1,1
1429.3,4.8,11,143.5,1,2
788.5,4.0,56,159.5,1,2
268.6,2.3,38,67.1,1,0
1434.9,1.8,22,112.9,1,0
1743.5,2.7,34,127.0,1,1
1092.9,3.9,8,141.0,1,1
1268.2,4.9,36,272.5,0,2
1136.0,2.9,5,90.3,0,0
1108.6,6.4,34,168.9,2,2
1785.2,3.9,43,453.6,1,2
1051.5,4.8,31,119.6,2,1
493.3,3.6,9,36.7,0,0
623.0,4.7,43,138.5,0,2
273.7,4.9,8,9.6,1,0
514.2,5.5,52,118.0,1,2
826.9,3.2,9,15.0,1,0
1239.5,6.6,18,114.3,1,2
1309.9,4.4,20,40.0,2,1
90.0,1.2,60,60.4,2,0
661.5,5.7,13,215.9,1,2
2009.6,7.1,19,45.8,1,2
1537.5,3.6,59,124.8,1,1
729.6,3.5,37,32.9,0,1
535.8,5.4,44,150.8,1,2
1139.4,3.1,19,56.6,2,0
371.8,1.1,3,49.6,2,0
275.5,5.1,21,65.9,0,0
1041.2,3.8,60,51.5,1,2
1797.6,4.0,33,190.8,1,2
1164.4,5.1,50,228.8,1,2
689.5,0.0,50,120.2,1,0
151.6,5.6,56,111.0,1,1
267.1,3.1,33,175.0,4,0
472.5,3.5,58,237.2,3,1
1230.9,4.6,6,173.6,2,0
588.5,2.0,12,157.0,0,0
407.3,5.7,33,122.9,0,1
403.8,6.6,4,152.4,1,1
1091.3,1.6,6,127.0,0,0
404.9,7.3,35,174.5,2,2
1633.1,5.1,30,17.2,1,1
784.7,5.9,4,298.2,0,2
563.2,2.1,23,99.4,0,0
1226.3,5.5,28,202.7,1,2
1585.9,4.6,42,33.5,0,2
889.8,5.0,41,219.2,1,1
1048.8,3.3,4,184.3,3,0
342.1,3.0,28,207.6,1,0
477.7,2.9,27,27.9,0,0
322.1,2.3,30,55.3,0,0
1437.3,1.0,20,29.1,0,0
632.2,2.3,54,97.2,0,1
178.2,5.1,33,294.4,1,2
438.0,4.7,34,17.2,3,0
208.6,4.9,13,178.2,1,0
942.8,4.6,53,198.5,0,2
1693.5,6.0,23,200.8,2,2
130.2,3.6,20,54.6,1,0
788.9,8.0,22,152.9,1,2
331.5,7.2,47,90.5,0,2
1299.8,2.9,24,410.0,0,2
837.2,2.9,41,80.3,1,0
994.7,0.7,30,462.8,1,1
99.5,1.6,1,75.7,0,0
137.3,7.5,9,144.7,0,1
448.5,4.0,22,77.5,0,0
487.8,7.1,15,152.4,0,1
2015.3,3.4,57,168.6,2,2
1287.1,2.8,48,71.9,1,1
1064.9,4.1,26,12.7,1,1
890.9,2.4,26,76.1,1,1
1499.6,1.3,53,110.8,0,2
586.2,4.1,17,179.8,0,1
529.0,5.6,34,34.6,0,1
1027.6,4.3,45,32.0,0,2
248.7,3.4,26,66.0,0,0
1082.7,5.5,33,168.7,1,1
1138.3,3.8,19,235.9,0,1
836.0,5.0,46,5.6,1,1
1283.5,3.3,54,108.1,0,1
1508.2,6.3,10,170.3,1,1
198.6,1.1,25,37.0,0,0
204.1,6.7,28,18.4,1,1
364.2,5.2,15,168.9,0,1
1016.3,3.5,8,112.2,0,0
2114.7,4.5,58,259.8,0,2
275.4,5.6,40,84.4,0,1
1740.8,4.6,10,38.4,0,1
528.5,0.8,40,283.1,2,0
745.3,7.0,51,60.8,4,1
272.8,5.2,32,133.2,1,1
507.4,1.7,37,231.3,0,0
1225.6,3.2,4,63.7,1,0
240.3,4.6,5,108.0,0,0
416.9,1.8,47,286.5,0,1
121.2,6.3,32,34.9,1,0
1268.9,2.6,25,163.7,1,0
452.1,4.1,56,86.2,1,1
569.9,5.8,45,311.9,0,2
130.3,5.3,35,143.0,2,1
1820.6,3.8,43,142.7,2,1
252.6,5.1,60,210.4,1,2
210.2,1.0,43,61.7,0,0
184.6,3.0,13,103.1,1,0
1017.0,5.8,11,62.6,0,2
355.0,4.4,47,56.8,1,1
486.6,3.1,32,57.6,2,1
849.3,4.1,40,117.1,0,1
178.8,4.9,21,224.0,2,1
750.6,4.7,42,119.0,1,1
609.6,6.5,33,64.7,0,1
1376.2,1.6,39,240.6,2,1
662.6,4.8,31,143.4,0,1
440.6,0.0,41,104.9,1,0
1684.1,3.2,3,225.1,2,0
612.5,2.5,39,94.8,2,0
694.4,8.6,19,137.4,1,2
63.0,1.6,32,64.8,0,0
409.8,5.0,40,134.3,1,2
116.0,2.1,13,54.3,1,0
427.5,7.2,57,147.3,0,2
461.5,5.4,11,79.3,1,0
1102.0,2.6,56,132.5,0,2
1382.9,4.3,38,39.4,1,1
344.2,3.4,22,110.5,1,0
1930.8,5.8,32,84.7,0,1
570.4,2.8,28,18.1,1,0
48.2,5.7,24,213.2,2,0
2199.5,8.1,58,38.1,1,2
877.0,2.8,44,83.5,1,1
1006.5,2.5,39,84.7,2,1
278.5,3.2,51,111.8,1,1
307.3,7.1,40,18.0,1,1
616.0,4.2,46,62.5,2,1
249.2,3.1,37,65.1,0,0
1053.3,2.7,16,106.8,2,0
227.7,3.4,4,68.2,1,0
801.5,4.1,3,284.4,0,2
793.1,2.3,29,77.5,1,0
135.4,6.3,14,38.7,0,0
500.2,0.6,36,70.8,1,0
1937.3,5.7,18,56.4,1,2
1782.9,4.4,57,137.0,0,2
1763.9,0.6,58,202.5,1,2
549.2,6.6,20,91.9,0,1
578.5,3.3,54,133.8,2,1
295.9,1.3,8,251.2,1,0
161.4,4.9,10,49.9,1,1
777.1,4.4,7,47.9,1,0
422.3,3.5,17,16.4,1,0
540.9,2.1,9,30.9,0,0
1727.5,1.5,12,159.0,0,1
425.3,3.5,54,138.6,0,1
694.9,3.9,54,72.8,1,1
732.2,1.8,25,139.8,1,0
431.2,5.9,14,65.1,0,1
625.3,1.9,11,192.8,1,0
911.4,5.2,36,138.5,0,1
1450.8,5.0,27,18.9,0,1
1496.5,4.5,12,153.2,1,2
228.0,4.9,30,195.5,1,1
145.1,1.5,34,10.9,1,0
518.5,1.2,47,81.6,0,1
396.9,4.3,23,31.7,1,0
477.7,0.0,11,48.8,0,0
1013.5,7.7,42,215.2,1,2
1244.1,5.0,22,19.4,0,1
134.9,2.1,2,37.9,2,0
318.8,5.5,36,83.7,0,0
104.8,4.3,2,65.0,0,0
1349.4,6.2,21,13.1,0,1
1039.2,2.3,33,69.3,2,0
1690.9,3.7,18,148.2,1,2
2267.7,7.0,56,21.8,4,2
544.1,2.4,10,209.5,0,1
246.5,4.3,41,22.2,2,0
580.9,7.8,58,168.2,0,2
537.5,5.1,59,126.0,1,2
693.0,0.0,50,321.4,0,1
2221.3,1.1,39,123.6,0,2
210.9,4.3,41,186.0,0,1
96.0,3.8,43,62.2,0,1
1131.6,4.2,27,0.6,2,0
675.5,3.3,7,137.8,0,0
923.3,4.3,36,227.5,0,2
129.6,6.3,6,74.3,0,0
385.7,3.6,6,100.6,1,0
205.1,0.9,9,82.0,0,0
761.3,4.6,60,201.2,0,2
143.5,3.0,34,49.6,0,0
717.0,3.1,35,51.3,1,0
1653.9,5.3,32,50.8,2,0
872.8,8.0,54,47.7,0,2
429.8,4.7,40,57.8,2,0
617.2,6.1,42,184.7,0,2
487.1,3.5,36,154.1,2,1
316.9,3.2,38,42.4,1,0
1238.8,4.7,57,214.1,2,2
325.8,4.1,55,308.1,0,2
482.7,2.7,45,200.9,1,1
908.3,1.7,13,129.1,1,0
922.7,2.1,16,28.3,0,0
1205.6,0.0,48,88.4,2,0
1599.6,3.3,6,264.6,0,1
1019.5,5.7,52,152.1,0,2
514.5,3.1,2,25.2,1,0
1135.8,1.8,47,22.5,0,1
801.8,5.7,31,53.0,0,2
1239.7,1.7,3,92.5,1,0
1148.1,2.0,20,11.1,0,0
481.5,5.4,23,263.1,0,1
1102.3,6.6,8,84.7,2,1
813.5,6.7,52,67.4,0,2
764.8,6.6,44,48.3,1,2
1376.4,2.4,17,63.1,1,1
1353.9,2.4,4,77.0,0,0
508.2,3.2,3,32.9,2,0
1135.1,4.0,35,91.2,0,2
1435.8,3.9,31,10.3,0,1
1164.2,3.6,29,191.1,1,1
294.4,5.0,20,48.5,0,1
969.5,3.1,14,172.3,1,0
481.0,0.0,27,296.6,0,1
132.8,3.7,58,69.0,0,2
639.1,2.3,43,72.7,1,0
530.5,2.2,59,212.6,0,1
442.2,4.5,37,56.7,0,1
1990.5,5.7,7,82.5,0,2
140.1,4.8,40,97.7,0,2
1216.0,3.9,5,164.9,1,0
236.1,3.7,58,22.6,0,1
199.6,4.3,34,11.4,3,0
3117.2,4.2,16,154.8,1,2
564.8,2.7,58,110.7,0,1
898.1,6.0,27,97.2,0,2
735.2,3.4,37,30.2,2,1
481.0,3.7,26,40.5,2,0
402.4,4.9,40,85.4,2,1
798.5,5.8,36,91.7,0,1
111.0,6.1,39,103.0,3,0
497.0,2.1,44,76.1,3,0
221.2,0.8,41,56.9,0,0
152.9,7.9,3,108.3,0,1
860.6,2.0,11,154.9,1,0
509.5,1.9,46,639.7,1,2
492.9,4.2,15,9.5,0,0
735.8,4.7,43,38.7,0,1
80.2,3.0,30,113.4,0,1
655.2,4.5,3,360.4,1,1
427.6,3.9,35,88.7,2,0
264.5,3.3,2,76.1,0,0
837.0,7.1,54,128.7,0,2
447.3,4.8,13,186.2,1,0
942.4,5.8,2,164.5,2,0
568.0,2.5,51,33.6,0,1
1034.1,3.3,24,33.9,0,0
51.8,3.7,46,67.3,0,0
1218.8,4.8,14,88.2,0,1
352.0,2.5,57,85.7,0,0
553.5,5.7,45,212.8,1,2
1833.1,4.3,35,52.6,0,1
1323.4,6.5,42,29.5,1,2
118.0,6.0,31,238.4,0,2
206.5,3.7,24,102.3,0,0
788.3,4.5,31,72.0,0,1
465.1,4.1,53,137.5,2,1
427.8,3.1,27,170.4,0,1
1012.0,3.9,56,96.1,2,1
334.2,4.5,34,118.1,0,1
1084.1,4.7,35,73.4,2,1
216.4,2.9,16,195.6,0,0
1813.1,6.3,25,108.0,0,2
941.0,1.9,39,203.8,1,1
414.6,4.3,33,160.0,1,1
264.0,4.2,41,58.3,1,0
464.0,7.5,10,32.0,0,1
595.3,4.9,59,221.2,2,1
173.8,5.5,42,3.4,1,0
1917.9,7.2,43,249.0,0,2
666.7,3.0,60,64.6,1,1
827.2,3.9,44,60.3,0,1
910.4,3.2,45,146.4,0,0
986.0,3.6,53,90.9,1,1
480.3,6.3,35,63.4,1,2
1043.7,1.2,5,234.0,0,0
493.6,3.9,14,1.3,0,0
238.1,6.7,59,106.6,1,1
1758.7,5.2,12,228.7,0,2
1077.6,3.0,22,59.2,0,0
1792.2,2.7,43,40.1,0,2
1184.3,1.3,28,155.7,1,1
1239.4,5.0,55,132.8,0,2
1626.3,3.4,38,293.9,1,2
1135.4,5.2,46,206.6,1,2
1283.1,4.9,49,199.5,0,2
865.0,5.0,57,55.0,0,2
412.9,2.4,51,116.0,0,1
152.5,1.7,43,114.1,0,0
996.9,4.7,45,325.0,1,2
1374.3,3.3,21,46.2,1,1
890.1,3.1,11,110.5,2,0
1493.6,4.2,46,30.1,1,1
601.3,4.5,23,67.5,2,0
567.3,5.2,45,103.8,2,0
1007.1,1.0,50,59.2,2,0
2135.7,2.6,51,90.2,0,2
890.3,3.5,36,243.1,1,1
265.0,2.8,56,108.7,1,1
658.3,0.2,33,161.5,0,0
794.0,5.6,36,33.4,0,1
665.1,5.9,32,141.9,2,1
203.0,1.5,29,31.5,0,0
244.0,2.5,39,176.0,0,1
1121.0,0.7,47,79.9,0,1
639.7,5.5,44,237.0,2,2
428.9,2.6,30,75.0,0,0
1334.6,3.8,53,44.3,0,2
613.1,3.9,14,101.2,2,0
138.7,5.7,33,44.6,1,0
738.9,3.8,34,106.8,0,2
1562.4,5.6,54,105.3,3,2
370.6,4.2,41,37.9,0,0
125.2,3.7,24,230.2,0,0
1490.2,5.6,12,62.2,0,1
1175.7,3.2,37,79.3,0,1
519.7,3.6,16,152.0,1,1
842.7,4.2,20,24.3,1,0
923.4,5.9,34,56.8,3,1
335.1,4.4,22,15.6,1,0
35.9,4.2,10,222.9,0,1
492.3,3.7,53,246.5,0,2
979.9,4.8,43,162.8,0,2
888.8,5.2,2,36.0,1,0
1248.3,5.3,16,110.2,1,1
800.0,6.6,4,173.4,0,2
488.6,4.6,8,111.8,1,0
1931.8,3.5,58,163.4,3,2
265.1,3.4,33,112.4,1,0
441.6,5.5,58,168.0,3,1
299.3,4.3,56,56.0,0,1
1260.7,5.0,52,96.5,1,1
499.7,4.0,30,246.0,1,0
288.2,3.5,6,222.6,0,0
469.7,2.7,9,202.2,1,0
1524.5,6.6,49,77.9,0,2
347.2,0.1,59,41.2,2,0
983.9,2.5,3,181.3,0,0
420.6,3.4,17,73.8,0,0
338.7,3.8,50,161.4,0,2
408.6,3.9,18,112.6,0,0
909.5,3.3,41,509.7,0,2
1183.5,2.1,22,234.6,1,0
729.7,4.2,18,18.4,1,0
448.1,3.4,47,82.5,1,1
1329.3,3.0,39,43.0,0,1
560.9,3.8,10,170.2,0,0
836.5,6.2,25,167.6,1,1
1970.5,3.1,48,168.9,0,2
338.5,5.2,56,4.7,0,1
624.4,-0.0,16,34.1,1,0
664.0,3.9,13,33.0,1,0
559.8,4.8,15,91.4,0,1
1504.2,4.9,6,86.6,1,0
753.8,5.8,10,274.1,0,2
552.3,3.1,43,13.8,0,0
1338.0,4.2,15,173.0,0,1
877.0,3.7,8,110.7,2,0
878.9,4.0,53,34.4,2,1
1074.2,2.3,3,73.7,1,0
979.5,2.8,12,40.2,0,0
210.3,5.5,32,60.2,2,0
227.7,0.3,18,90.6,2,0
961.9,4.1,50,34.0,0,1
399.8,7.2,19,111.8,2,1
839.3,3.9,19,117.7,0,0
498.5,5.2,2,80.1,2,0
1343.1,2.9,8,149.9,2,1
1662.7,4.2,12,37.6,0,1
822.4,3.7,29,131.4,0,0
921.5,4.4,15,100.1,1,1
579.0,4.0,34,200.4,0,1
1261.4,1.3,39,388.7,1,2
1679.8,9.7,52,101.9,0,2
112.0,2.7,15,96.9,0,0
1387.0,3.9,6,54.2,1,0
344.0,4.0,8,338.9,1,0
203.5,5.1,15,23.5,1,0
581.7,4.7,35,122.2,0,1
990.1,3.8,37,109.6,0,1
916.7,3.7,4,64.7,0,0
833.6,4.1,58,101.5,1,1
640.1,4.0,41,19.8,1,0
1498.1,4.5,56,68.0,1,2
609.1,3.0,3,93.2,1,0
297.3,2.8,53,40.7,2,0
418.3,2.5,2,96.7,1,0
849.1,4.8,48,118.7,1,2
1318.8,2.8,41,94.9,0,1
1197.0,4.4,12,15.0,0,1
1920.0,4.6,50,142.6,2,2
434.9,6.4,36,40.7,0,2
582.1,1.3,54,138.5,1,0
894.3,4.5,10,213.2,0,2
227.0,2.6,29,74.8,3,0
330.6,1.3,30,73.9,1,0
155.5,6.4,28,43.7,2,1
2414.7,4.7,12,91.1,1,2
221.5,1.9,40,201.0,1,0
261.3,4.7,60,157.2,0,2
642.4,3.0,29,50.0,0,0
1139.3,2.4,42,61.7,1,1
252.5,1.6,11,225.9,2,0
393.5,2.7,14,223.6,0,0
1674.2,3.5,13,77.4,2,0
1173.7,3.4,16,145.8,1,0
89.7,3.4,33,165.7,0,0
394.1,4.4,1,215.4,0,0
438.9,4.2,51,38.6,1,1
31.9,4.6,16,66.6,0,1
1647.0,4.4,36,193.5,0,2
103.3,3.0,57,143.4,0,1
373.7,3.8,59,98.2,1,1
17.3,5.2,54,222.9,0,1
408.6,6.6,25,143.7,0,1
191.4,7.2,11,192.0,2,0
101.3,3.4,33,47.3,1,0
639.5,2.1,58,86.9,1,1
741.0,4.0,11,175.5,2,0
760.3,4.3,31,30.8,0,1
745.8,-0.0,10,112.5,0,0
1922.8,6.2,60,282.8,0,2
541.5,5.8,42,123.3,2,1
844.0,6.2,10,189.2,1,1
1818.4,2.6,29,159.0,0,1
449.9,6.2,23,182.7,1,1
400.7,4.1,20,242.0,0,1
802.7,6.3,60,146.7,1,2
807.9,5.2,52,68.9,0,2
346.8,4.9,26,99.3,1,1
846.5,4.7,51,45.0,1,1
839.0,4.1,5,42.4,0,0
473.8,2.4,15,6.4,0,0
896.3,3.8,18,93.5,1,0
545.9,6.6,55,127.4,0,2
387.9,4.6,48,183.2,0,2
1418.4,3.2,31,244.6,0,1
1814.7,5.0,55,86.5,1,2
1335.5,3.5,4,157.3,0,0
465.6,4.5,3,37.2,1,0
1442.4,5.2,52,50.0,0,2
2500.0,3.0,43,226.5,2,2
1675.8,2.9,58,233.6,2,2
503.4,2.9,34,357.5,2,1
564.2,3.9,35,96.9,0,0
432.9,2.4,13,18.0,0,0
2407.9,4.0,41,163.3,0,2
841.5,2.9,14,148.0,1,0
1425.9,4.3,3,115.9,1,1
230.1,1.6,15,55.0,0,0
1290.9,6.1,30,76.5,2,2
241.9,4.3,38,53.6,1,0
1160.8,5.8,46,96.0,0,2
230.7,4.9,18,193.3,1,0
903.2,1.7,15,60.4,2,0
610.2,8.2,14,55.7,1,2
437.1,1.3,6,193.7,0,0
832.9,3.5,60,91.7,2,2
837.4,0.6,35,224.0,0,1
1355.8,3.8,35,127.6,0,1
69.0,4.0,59,39.6,0,0
1209.2,4.8,3,37.9,0,1
473.8,9.3,3,178.9,0,2
169.2,5.0,45,71.9,2,0
1895.0,6.0,37,179.7,0,2
177.1,5.0,44,78.9,1,0
2670.9,4.7,43,10.4,1,2
186.5,5.9,37,192.3,2,2
665.0,5.6,10,132.3,1,1
1607.9,5.3,9,128.5,0,2
1004.8,3.1,22,55.3,0,0
775.9,1.8,17,38.1,1,0
155.7,4.0,44,40.1,2,0
2576.8,5.0,30,172.4,1,2
696.1,3.8,49,34.8,3,0
167.4,2.8,47,120.4,0,0
1465.9,2.6,19,24.9,0,1
1001.5,4.2,53,94.3,2,1
567.1,2.2,8,69.6,1,0
1973.0,1.8,34,93.8,1,1
610.0,2.2,5,119.0,2,0
799.2,4.4,58,269.7,0,2
1178.0,5.3,58,97.6,0,2
50.0,4.1,55,15.9,1,1
1016.8,1.7,26,140.7,1,0
807.9,2.3,13,96.2,2,0
600.5,6.6,13,67.1,3,0
599.3,5.3,3,287.2,1,1
414.4,5.6,57,42.9,1,1
1561.0,10.7,24,148.1,0,2
198.9,0.0,53,194.4,2,0
2137.2,6.1,49,52.5,1,2
339.1,1.5,41,3.5,1,0
753.0,6.6,5,53.3,2,1
1069.5,3.5,13,138.3,0,0
576.6,4.5,5,75.9,0,0
315.0,4.2,58,387.6,2,2
2056.5,4.6,28,99.2,0,2
441.9,3.3,27,32.3,0,0
727.0,3.8,30,58.9,1,1
3028.4,2.8,8,29.0,1,1
848.9,2.0,4,210.6,1,0
1755.1,5.5,33,362.0,0,2
1083.9,1.7,53,54.1,1,0
766.0,4.8,10,104.5,0,1
1351.2,5.9,39,53.9,0,1
339.7,2.7,35,5.7,3,0
188.4,5.5,31,111.2,1,0
1046.4,4.9,41,93.1,0,2
1132.5,3.8,15,141.5,1,0
298.0,4.5,3,27.7,1,0
1035.9,4.3,3,83.3,2,0
2264.7,3.8,41,163.1,1,2
241.6,1.6,10,25.7,1,0
167.3,7.7,31,76.1,0,1
132.8,6.1,1,147.5,0,0
1997.5,3.9,34,72.0,1,2
392.9,4.3,14,291.8,2,0
268.9,3.0,45,49.3,2,0
332.7,5.8,9,132.2,1,0
610.4,3.5,27,87.5,0,0
353.8,0.5,44,18.7,0,0
1002.3,1.7,56,20.0,1,0
1312.1,3.8,27,122.1,1,2
467.4,3.4,33,84.9,1,0
692.3,4.2,39,299.9,1,2
379.9,2.1,40,56.4,0,0
429.1,3.4,18,154.3,0,1
218.6,0.8,29,61.5,0,0
429.4,5.9,19,62.8,0,0
502.7,3.7,13,104.1,0,0
775.4,3.4,39,69.3,0,1
1174.3,4.3,24,93.0,0,1
679.2,5.1,6,90.1,4,0
623.9,4.2,36,94.3,3,1
318.2,3.5,13,51.8,2,0
1729.5,6.1,17,116.4,2,2
895.0,4.6,11,158.3,2,1
1018.3,3.8,57,68.6,0,2
973.1,3.9,34,110.1,0,1
196.7,4.3,18,231.8,0,0
868.4,0.4,49,32.3,1,0
1789.7,6.5,20,88.9,1,1
393.6,3.7,22,60.6,1,0
490.0,6.5,26,48.6,3,1
853.8,6.7,10,89.2,1,1
1027.8,3.0,40,71.9,0,0
1153.0,5.4,16,104.8,2,0
509.7,1.8,16,79.6,1,0
726.8,6.4,19,240.1,3,1
463.5,4.6,59,54.7,0,1
887.2,4.5,14,148.3,0,1
247.2,4.7,54,298.3,1,2
345.5,7.6,35,287.3,0,2
252.6,8.5,24,45.7,0,2
1622.3,2.4,59,107.6,0,1
278.9,2.7,31,70.1,0,1
532.2,3.2,53,127.1,0,2
998.2,3.6,51,87.4,1,1
1356.8,6.6,44,209.7,0,2
373.2,5.5,46,52.4,1,0
965.3,4.9,35,167.1,0,2
750.6,4.5,28,178.3,0,1
1382.7,2.7,35,105.8,0,0
1744.9,4.8,59,106.4,1,2
899.0,3.8,27,75.1,0,1
1211.4,3.1,51,49.0,0,1
1679.1,4.0,56,92.9,0,2
2057.0,1.4,43,62.2,3,1
1711.6,4.2,46,36.8,0,2
635.9,2.3,16,152.9,1,0
1169.9,6.8,49,38.8,0,2
497.3,3.1,36,391.0,3,1
2099.4,1.9,23,298.7,1,2
1510.6,2.9,48,364.9,0,2
1257.5,2.4,42,87.3,0,1
423.8,1.7,45,154.6,1,0
2126.7,5.1,33,32.4,0,2
440.3,1.0,52,320.8,0,2
680.6,3.3,30,174.7,1,0
1544.0,0.0,50,161.4,1,0
537.8,2.2,48,165.4,1,1
1241.4,1.6,57,211.4,1,2
590.7,8.1,54,35.1,1,2
1579.4,4.4,38,84.7,1,2
154.1,4.7,39,200.0,1,1
205.6,8.2,9,114.9,0,1
1148.0,3.0,8,6.5,0,0
658.8,7.0,55,89.1,0,2
1104.5,2.3,41,42.0,1,0
1115.3,2.2,38,45.9,0,1
1034.1,5.1,43,168.8,0,2
133.4,5.5,9,175.6,0,0
691.6,3.4,55,201.8,0,2
1356.7,2.4,47,148.1,0,2
1815.9,5.3,46,69.6,0,2
971.2,2.9,15,72.0,0,0
129.8,6.4,23,197.1,0,1
989.0,4.1,34,111.0,0,1
664.7,4.3,57,151.2,1,2
2076.2,4.1,10,165.3,2,1
1417.0,6.0,27,133.8,2,2
1033.8,3.1,17,10.4,2,0
800.2,5.7,18,120.1,1,1
468.6,5.7,21,41.4,1,0
1590.3,6.0,4,63.6,2,1
703.5,6.7,28,20.0,1,2
566.7,4.3,47,117.4,0,1
289.5,3.5,7,41.8,1,0
761.4,1.8,51,188.7,1,1
282.1,4.4,29,332.5,0,2
886.7,0.0,10,36.2,1,0
951.2,5.0,15,55.4,0,1
431.2,4.9,10,44.6,1,0
666.6,2.1,50,40.1,0,1
201.5,5.4,21,138.0,1,0
354.1,2.4,35,81.1,2,0
56.4,4.6,35,194.0,0,2
841.3,5.4,40,115.3,1,1
639.1,1.9,41,42.4,0,1
955.5,3.1,6,110.4,1,0
1450.2,3.5,10,108.6,0,0
1111.2,5.0,29,437.3,0,2
334.5,7.1,31,59.4,0,1
356.4,6.2,29,202.7,0,2
207.4,4.5,23,63.1,1,0
238.5,5.6,55,68.9,1,1
1126.8,6.0,5,38.3,2,0
1154.9,3.3,14,159.4,1,0
342.7,2.9,20,117.4,0,0
121.0,5.0,22,29.1,2,0
628.5,2.9,7,46.0,0,0
171.8,3.0,11,169.7,0,0
1629.2,3.6,55,113.7,0,2
1124.6,4.7,37,273.8,0,2
126.9,0.6,51,51.1,2,0
1337.2,4.6,52,50.7,0,2
1811.4,8.0,20,55.6,0,2
325.1,4.7,7,84.1,1,0
23.8,4.2,18,168.3,0,0
916.3,5.7,40,29.6,3,1
424.0,3.6,30,45.2,1,0
232.6,4.9,21,37.5,1,0
513.3,4.4,21,84.8,0,0
419.4,6.0,47,86.3,0,2
972.2,1.8,4,42.0,0,0
1134.1,2.0,48,129.9,0,1
462.8,3.3,49,44.0,2,0
496.0,2.4,10,263.5,3,0
107.2,4.8,17,6.3,1,0
3353.6,1.2,48,153.5,2,1
657.9,2.2,58,21.0,1,0
524.5,3.8,50,52.0,2,0
528.8,4.9,53,64.8,1,1
519.2,6.1,47,36.4,0,1
1059.5,3.5,10,181.4,1,1
230.8,4.3,60,172.4,1,0
501.0,3.1,18,249.7,1,0
775.9,3.2,27,171.2,2,1
1811.7,4.3,58,138.7,0,2
301.2,5.2,4,144.4,0,1
1993.9,6.2,58,52.0,1,2
962.8,2.8,9,61.7,0,0
820.6,2.1,45,34.9,2,0
2212.2,3.9,37,45.6,1,2
1264.0,6.0,49,175.9,1,2
445.9,1.0,14,126.0,0,0
198.3,5.5,24,62.5,0,1
377.2,4.7,45,176.0,1,2
476.3,3.9,50,65.5,2,1
116.0,6.5,14,209.9,2,0
208.2,3.0,13,171.6,1,0
575.4,1.7,56,40.1,0,1
1713.6,8.3,14,116.3,0,2
934.3,2.0,13,146.9,1,0
798.5,5.9,9,13.3,2,0
211.2,0.7,54,228.3,2,0
1494.9,1.4,24,129.0,0,0
539.2,2.3,31,18.4,0,0
494.4,3.9,43,145.1,0,1
1658.4,2.9,45,11.9,4,1
700.6,3.7,15,49.8,0,0
591.6,4.4,56,92.0,3,0
637.4,7.0,47,107.3,2,2
297.6,2.8,36,33.5,0,0
38.5,3.2,24,84.0,4,0
1202.5,4.1,1,155.8,3,0
194.4,5.9,54,121.5,1,2
904.5,2.7,35,28.0,0,0
867.6,1.3,42,72.1,0,0
915.9,6.1,24,52.2,2,1
448.0,6.2,31,310.7,1,1
344.6,5.2,54,116.9,0,1
392.6,3.4,46,27.8,1,1
897.1,5.6,15,184.0,0,1
727.1,3.5,57,26.0,0,1
1580.4,4.6,50,24.1,3,1
578.7,3.6,54,112.7,0,2
227.0,2.1,57,264.1,0,2
832.9,7.9,29,67.1,0,2
728.4,5.3,50,126.4,0,1
1060.2,3.4,10,226.1,0,0
415.5,3.7,1,35.8,1,0
841.1,5.3,49,314.7,0,2
61.6,4.4,5,141.7,0,0
961.8,0.0,43,271.9,0,1
615.9,2.8,47,111.0,0,1
448.2,4.4,22,29.6,4,0
1065.7,3.4,41,79.2,2,1
719.1,4.2,6,76.0,0,0
261.5,8.3,44,219.6,1,2
808.4,1.5,8,93.3,2,0
261.2,4.6,39,165.8,1,1
386.5,3.9,34,244.6,1,1
735.5,2.8,48,107.4,0,1
169.7,0.0,29,53.8,0,0
311.2,3.7,49,165.8,1,1
1355.7,3.1,27,251.4,2,0
1124.0,2.7,40,57.2,2,0
1552.8,5.6,16,39.6,2,0
271.4,3.8,12,19.1,0,0
956.9,4.9,47,194.1,1,2
1192.5,2.4,29,129.5,0,0
601.6,8.8,45,82.6,1,1
1041.7,3.2,28,64.5,2,0
1364.8,5.7,49,29.3,0,2
159.7,5.2,60,45.4,0,1
1507.2,6.4,6,27.0,0,1
1063.9,3.3,9,265.2,0,1
113.7,4.6,31,231.1,0,1
650.7,5.6,25,67.0,2,1
507.0,4.7,40,24.2,0,0
1689.5,4.6,46,146.7,2,2
678.0,5.8,3,70.3,1,1
152.1,6.1,31,223.0,3,1
685.3,2.9,1,79.9,0,0
668.6,5.9,7,290.9,0,2
713.1,7.1,7,122.8,0,1
348.8,4.1,43,41.5,2,0
703.6,4.2,58,36.1,1,2
455.3,3.8,4,136.5,1,0
651.7,5.1,3,120.8,2,0
529.0,9.6,20,87.1,2,2
918.2,5.2,46,236.5,1,1
709.9,5.7,17,49.8,2,1
191.6,3.8,5,151.2,0,0
329.2,4.8,17,217.8,1,1
975.0,3.7,17,76.5,1,0
677.0,3.6,5,44.1,1,0
657.1,3.8,33,68.2,1,1
2205.9,4.0,47,123.5,0,2
560.6,3.0,55,34.7,1,1
460.4,1.2,50,77.3,0,0
1213.1,2.5,16,35.8,0,0
1820.7,3.1,17,78.5,2,1
908.4,4.5,26,146.7,2,1
77.4,4.7,31,53.7,0,1
465.2,3.0,44,44.9,2,0
2172.8,1.1,17,67.5,0,1
100.8,5.1,43,267.2,1,1
1412.3,4.2,1,525.0,0,2
196.3,5.1,24,131.3,0,1
569.3,4.3,25,59.6,1,0
750.3,4.2,13,169.2,1,1
1625.3,5.1,2,338.3,0,2
3263.3,5.9,19,96.7,0,2
542.1,3.9,42,98.0,1,1
578.1,5.0,13,345.6,2,1
219.9,2.5,42,103.8,0,0
580.0,9.8,33,353.5,3,2
2748.4,6.7,33,66.6,0,2
123.5,3.1,8,25.2,0,0
550.9,7.4,39,182.1,0,2
230.7,2.4,9,24.7,1,0
519.1,6.9,38,90.6,0,1
1614.2,1.9,47,279.9,0,2
1552.1,1.9,9,171.7,0,1
219.8,2.9,9,61.1,0,0
1139.1,3.9,47,144.1,2,1
639.3,4.4,50,138.3,0,2
116.7,5.2,9,146.9,1,0
608.8,4.6,59,152.3,0,2
