report_id,visit_id,item,value,unit
 R0001,V0001,HbA1c,5.3,%
R0002,V0001,空腹血糖,0, mmol/L 
R0003,V0002,HbA1c,8.6,%
R0004,V0002,eGFR,35.0,mL/min/1.73m2
R0005,V0002,白细胞,11.4,10^9/L
R0006,V0003,HbA1c, 5.1,%
R0007,V0003,空腹血糖,5.2, mmol/L 
R0008,V0004,HbA1c,5.4,%
R0009,V0005,eGFR,76.0,mL/min/1.73m2
R0010,V0005,HbA1c,8.4,%
R0011,V0006,HbA1c,6.9,%
R0012,V0007,,5.7,%
R0013,V0007, 空腹血糖,5.2,mmol/L
R0014,V0008,eGFR,106.0,mL/min/1.73m2
R0015,V0009,HbA1c,6.7,%
R0016,V0009,eGFR,75.0,mL/min/1.73m2
R0017,V0009,空腹血糖,5.7,mmol/L
R0018,V0010,HbA1c,6.3,%
R0019,V0010,肌酐,75.0,umol/L
R0020,V0011,HbA1c,5.8,%
R0021, V0011,肌酐,134.0,umol/L
R0022,V0012,HbA1c,5.3,%
R0023,V0012,eGFR,	77.0,mL/min/1.73m2
R0024,V0013,HbA1c,7.4,%
R0025,V9998,HbA1c,6.9,%
R0026,V0014,肌酐,101.0,	umol/L 
R0027,V0014,白细胞,5.2,10^9/L
 R0028,V0015,HbA1c,6.2,%
R0029,V9998,eGFR,53.0,mL/min/1.73m2
R0030,V0015,空腹血糖,6.4,mmol/L
R0031,V0015,肌酐,118.0,umol/L
R0032,V0016,HbA1c,6.9,%
R0033,V0016,eGFR,50.0,mL/min/1.73m2
R0034,V0016,白细胞, 4.8,10^9/L
R0035,V0016,空腹血糖,5.3, mmol/L 
R0036,V0017,白细胞,7.0,10^9/L
R0037,V0018,空腹血糖,5.4,mmol/L
R0038,V0019,空腹血糖,5.4,mmol/L
R0039,V0019,白细胞,3.3,10^9/L
R0040,V0020,HbA1c,7.0,%
R0041,V0021,肌酐,85.0,umol/L
R0042,V0022,HbA1c,	5.1,%
R0043,V0022,白细胞,9.5,10^9/L
R0044,V0022,eGFR,100.0,mL/min/1.73m2
R0045,V0023,HbA1c,,%
R0046,V0023,空腹血糖,5.0,mmol/L
R0047,V0023,eGFR,-3.2, mL/min/1.73m2 
R0048,V0023,白细胞,6.2,10^9/L
R0049,V0024,空腹血糖,7.7,mmol/L
R0050,V0024,HbA1c,6.0,%
R0051,V0025,HbA1c,7.1,%
R0052,V0025,eGFR,68.0,mL/min/1.73m2
R0053,V0025,空腹血糖,6.5,mmol/L
R0054,V0026,HbA1c,5.0,%
R0055,V0027,肌酐,95.0, umol/L 
R0056,V0027,eGFR,88.0,mL/min/1.73m2
R0057,V0028,HbA1c,6.5,%
R0058,V0028,白细胞,4.4,10^9/L
R0059,V0028,空腹血糖,6.4,mmol/L
R0060,V0028,eGFR,86.0,mL/min/1.73m2
R0061,V0029,eGFR,96.0,	mL/min/1.73m2
R0062,V0030,HbA1c,6.8,%
R0063,V0030,白细胞,4.0,10^9/L
R0064, V0030 ,肌酐,115.0,umol/L
R0065,V0030,eGFR, ,mL/min/1.73m2
R0066,V0031,空腹血糖,3.9,mmol/L
R0067,V0031,肌酐,131.0,umol/L
R0068,,白细胞,3.6,10^9/L
R0069, V0031,HbA1c,5.2,%
R0070,V0032,HbA1c,6.9,%
R0071,V0032,eGFR,76.0, mL/min/1.73m2
R0072,V0033,HbA1c,4.9,%
R0073,V0033,肌酐,101.0,umol/L
R0074,V0034,HbA1c,5.9,%
R0075,V0034,eGFR,64.0,mL/min/1.73m2
R0076,V0035,HbA1c,7.1,%
R0077,V0035,肌酐,94.0,umol/L
R0078,V0036,HbA1c,7.6,%
R0079,V0036,空腹血糖,6.3,mmol/L
R0080,V0036,eGFR,119.0,mL/min/1.73m2
R0081,V0036,白细胞,5.0,10^9/L
R0082,V0037,HbA1c,8.7,%
R0083,V0038,HbA1c,,	%
R0084,V0038,eGFR, 79.0 ,mL/min/1.73m2
R0085,V0039,HbA1c,7.8,%
R0086,V0039,	白细胞,4.2,10^9/L
R0087,V0039,eGFR,67.0,mL/min/1.73m2
R0088,V0040,肌酐,120.0,	umol/L 
R0089,V0040, 空腹血糖,6.6,mmol/L
R0090,V0041,HbA1c,6.5,%
R0091,V0041, ,7.7,mmol/L
R0092,V0042,HbA1c,8.8,%
R0093,V0042,eGFR,76.0,mL/min/1.73m2
R0094,V0042, 白细胞,10.7,10^9/L
R0095,V0043,HbA1c,5.8,	% 
R0096, V0043,空腹血糖,5.5,mmol/L
R0097,V0043,eGFR,96.0,mL/min/1.73m2
R0098,V0043,白细胞,5.1,10^9/L
R0099,V0044,HbA1c,7.8,%
R0100,V0044, eGFR ,70.0,mL/min/1.73m2
R0101,V0044,	肌酐 ,148.0,umol/L
R0102,V0044,空腹血糖,7.5,mmol/L
R0103,V0045,HbA1c,7.2,%
R0104,V0045,肌酐,101.0,umol/L
R0105,V0045,白细胞,4.1,10^9/L
R0106,V0046,HbA1c,5.2,%
R0107,V0046, 空腹血糖,4.1,mmol/L
R0108,V0046,	肌酐,83.0,umol/L
R0109,V0047, 空腹血糖 ,5.0,mmol/L
R0110,V0047,肌酐,97.0,umol/L
R0111,V0047,白细胞,	10.6,10^9/L
R0112,V0048,白细胞,5.6,10^9/L
R0113, V0049,HbA1c,4.2,%
R0114,V0049,eGFR,89.0,mL/min/1.73m2
R0115,V0050,HbA1c,8.2,%
R0116,V0050,eGFR,88.0,mL/min/1.73m2
R0117,V0050,白细胞,3.8,10^9/L
R0118,V0051,肌酐,89.0,umol/L
R0119,V0051,白细胞,10.0,10^9/L
R0120,V0052,HbA1c,6.0,%
R0121,V0053,HbA1c,7.7,%
R0122,	V0053 ,白细胞,8.1,10^9/L
R0123,V0054,eGFR,90.0,mL/min/1.73m2
R0124,V0054,白细胞,8.7,10^9/L
R0125,V0054,空腹血糖,6.9,mmol/L
R0126,V0054,HbA1c,6.4,%
R0127,V0055,HbA1c,5.1,%
R0128,V0055,白细胞,8.0,10^9/L
R0129,V0055,肌酐,115.0,umol/L
R0130,V0055,空腹血糖,4.5,mmol/L
R0131,V0056,HbA1c,4.5,%
R0132,V0057,HbA1c,8.6,%
R0133,V0057,eGFR,84.0,mL/min/1.73m2
R0134,V0057,白细胞,6.7,10^9/L
R0135,V0058,HbA1c,7.3,%
R0136,V0058,空腹血糖,5.7,mmol/L
R0137,V0059,HbA1c,4.9,%
R0138,V0059,肌酐,104.0,umol/L
R0139,V0059,白细胞,	6.0 ,10^9/L
R0140,V0060,HbA1c,5.9,%
R0141,V0060,肌酐,104.0,umol/L
R0142,V0060,白细胞,8.1,10^9/L
R0143, V0060,eGFR,84.0,mL/min/1.73m2
R0144,V0061,eGFR,51.0,mL/min/1.73m2
R0145,V0062,HbA1c,6.9,%
R0146,V0062,肌酐,137.0,umol/L
R0147,V0062,白细胞,5.0,10^9/L
R0148,V0062,eGFR,64.0,mL/min/1.73m2
R0128,V0055,白细胞,8.0,10^9/L
R0061,V0029,eGFR,96.0,	mL/min/1.73m2
R0104,V0045,肌酐,101.0,umol/L
R0019,V0010,肌酐,75.0,umol/L
R0036,V0017,白细胞,7.0,10^9/L
R0085,V0039,HbA1c,7.8,%
R0022,V0012,HbA1c,5.3,%
R0067,V0031,肌酐,131.0,umol/L
