visit_id,patient_id,department,visit_date,diagnosis
V0001,P0001,消化内科,2026-02-19,慢性胃炎
V0002,P0002,内分泌科,2026/2/18,2型糖尿病
V0003,P0003,普通内科,2026/1/4,上呼吸道感染
V0004,P0003,心内科,2026-01-23,高血压
V0005,P0004,肾内科,2026/4/13,慢性肾脏病
V0006,P9999,肾内科,09-01-2026,糖尿病肾病
V0007,P0005,肾内科,2026-01-22,糖尿病肾病
V0008,P0005,心内科,2026-04-26,冠心病
V0009,P0006,内分泌科, 2026-02-12 ,2型糖尿病
V0010,P0007,消化内科,2026/2/4,脂肪肝
V0011,P0008,肾内科,2026/4/19,慢性肾脏病
V0012,P0009,消化内科,2026/1/20,脂肪肝
V0013,P0010,心内科,2026/2/2,冠心病
V0014,P0010,心内科,17-04-2026,冠心病
V0015,P0011,消化内科,2026/2/21,慢性胃炎
V0016,P0012,内分泌科,2026/1/11,	2型糖尿病
 V0017 ,P0012,内分泌科,2026-01-15,2型糖尿病
V0018,P0013,肾内科,2026-04-26,糖尿病肾病
V0019,P0014,普通内科,2026-03-04,乏力待查
V0020,P0015,肾内科,2026/4/3,糖尿病肾病
V0021,P0016,心内科,2026/4/18,冠心病
V0022,P0017,普通内科,2026/1/20,上呼吸道感染
V0023,P0017,肾内科,2026/3/6,糖尿病肾病
V0024,P0018,肾内科,08-02-2026,慢性肾脏病
V0025,P0019,	肾内科,14-03-2026,糖尿病肾病
V0026,P0019,消化内科,2026-03-01,慢性胃炎
V0027,P0020,心内科,2026-03-11,高血压
V0028,P0021,心内科,2026-03-10,冠心病
V0029,P0022,消化内科,2026-02-27,慢性胃炎
V0030,P0023,消化内科,2026/4/2,脂肪肝
V0031,P0024,消化内科,2026-03-18,脂肪肝
V0032,P0025,内分泌科,05-01-2026,2型糖尿病
V0033,P0026,普通内科,2026-01-11,乏力待查
V0034,P0027,肾内科,	2026-03-21 ,糖尿病肾病
V0035,P0028,消化内科,2026-04-28,慢性胃炎
V0036,P0029,,2026-03-08,冠心病
V0037,P0030,内分泌科,19-02-2026,甲状腺功能减退
V0038,P0030,普通内科,2026/1/20,乏力待查
V0039,P0031,内分泌科,2026-04-22,2型糖尿病
V0040,P0032, 消化内科 ,2026-01-20,脂肪肝
V0041,P0032,内分泌科,2026-03-05,2型糖尿病
V0042,P0033,内分泌科,2026/1/8,	甲状腺功能减退 
V0043,P0034,心内科,2026-02-18,高血压
V0044,P0035,肾内科,2026-03-15, 慢性肾脏病
V0045,P0036,心内科,2026-02-17,冠心病
V0046,	P0037 ,普通内科,2026-03-01,乏力待查
V0047,P0038,消化内科,2026-03-08,脂肪肝
V0048,P0039,消化内科,2026-04-16,慢性胃炎
V0049,P0040,普通内科,2026/3/18,乏力待查
V0050,P0041,肾内科,11-02-2026,糖尿病肾病
V0051,P0042,心内科,2026-03-15,高血压
V0052,P0043, 普通内科 ,28-02-2026,乏力待查
V0053,P0044,内分泌科,2026/2/5,2型糖尿病
V0054,P0045,消化内科,21-04-2026,慢性胃炎
V0055,P0046,普通内科,04-01-2026,上呼吸道感染
V0056,P0047,消化内科,20-04-2026,脂肪肝
V0057,P0047,内分泌科,2026-03-21,甲状腺功能减退
V0058,P0048,消化内科,2026/4/19,	脂肪肝
V0059,P0049,普通内科,2026-03-21,上呼吸道感染
V0060,P0050,心内科,2026-03-06,高血压
V0061,P0051,内分泌科,	2026-03-13,2型糖尿病
V0062,P0052,内分泌科,2026-01-19,2型糖尿病
V0010,P0007,消化内科,2026/2/4,脂肪肝
V0054,P0045,消化内科,21-04-2026,慢性胃炎
V0013,P0010,心内科,2026/2/2,冠心病
