x1,x2,target
-0.9644,1.0200,-0.1602
-0.5823,-1.3076,4.0436
-1.8780,0.5614,-2.0738
-0.3110,-0.3772,3.6557
0.7676,2.2610,1.3550
1.5675,0.3606,7.7861
0.1230,0.7096,3.2352
-0.0170,1.0436,2.1476
-1.2609,-1.3936,4.0508
-1.6201,-1.1807,2.5475
0.6234,3.9645,-0.8430
-2.7185,1.4210,-4.5945
-1.5645,-0.1374,-0.8564
2.0475,3.6651,3.9583
-2.4599,2.9903,-6.3314
2.7838,3.9198,4.4507
-2.8916,0.6833,-5.0836
2.2486,0.8295,7.0095
0.7200,-1.6623,7.9507
-1.7075,3.4341,-6.2137
2.1355,-1.6012,11.5891
-0.9279,2.8774,-2.2158
-0.2665,-0.2370,4.6101
1.2213,-0.9058,8.3020
-0.9867,-0.7664,2.2265
2.1410,-0.5133,9.7283
-2.9957,2.5754,-7.3389
1.6275,1.2304,6.4770
-2.1386,0.3655,-1.9058
1.3469,-1.5759,9.4425
-2.6436,-1.7645,0.5053
0.7597,0.1346,4.2696
0.9279,1.2205,2.9579
-2.5915,1.4018,-4.3897
-1.0207,0.7870,1.4012
0.7714,-0.1224,5.3084
-1.5542,1.1296,-1.8982
0.0702,2.0176,-0.0007
2.4135,2.2481,7.3593
-1.3440,1.5831,-2.4390
-1.8014,2.0332,-3.1315
0.3312,1.0603,2.7435
-0.9102,1.6214,-0.5642
-0.0545,3.9368,-1.1598
0.1616,2.0767,0.7984
1.1374,-1.6809,9.0983
0.1893,2.9874,-0.9526
1.2272,3.4100,1.2456
-2.3730,-1.8346,0.5721
1.4984,3.6077,2.7460
-1.0855,0.7475,-0.2930
-2.6569,2.9790,-5.6973
-2.0951,3.6109,-7.5330
-0.1173,3.0507,-1.0188
1.2671,2.3851,3.8880
-1.3181,0.9562,-0.7380
-0.2194,3.8375,-3.0397
-0.5767,-0.2646,2.8372
-1.1964,0.6241,0.8698
-2.4854,1.7638,-5.6044
1.0991,-0.5623,7.6782
-1.2341,1.8231,-2.7894
1.4200,-0.6710,9.4176
2.3614,2.7609,4.5930
-2.1849,-0.6924,-0.9618
2.4489,3.5929,4.5600
0.7899,-0.4483,6.9908
-2.8505,-0.1232,-4.4391
2.6871,0.5569,9.4765
2.7335,2.9902,6.6677
-0.9358,2.6480,-2.8621
1.9648,3.0023,2.6937
-2.9829,-1.9261,-0.6870
-2.7643,0.1096,-4.1178
-0.4351,1.7727,1.3057
-1.8266,-0.6678,1.6473
-1.1136,-0.1464,-0.4217
-2.9520,3.5898,-10.2909
2.0657,1.8411,6.1955
-2.8675,0.7234,-3.2761
-2.1836,-1.9481,1.5030
1.0995,2.2129,3.3112
0.3557,-0.3073,5.3618
-0.2688,0.7866,1.2328
2.1161,1.1725,7.5581
-2.3116,1.0953,-4.0686
-0.4939,2.2952,0.2690
-1.6583,-0.4384,0.3736
-0.4898,2.0112,-2.2995
1.9725,2.1383,5.8923
-0.4622,3.4140,-2.0496
-2.2581,0.0404,-2.8973
2.8669,-1.2273,13.3668
1.6513,0.8192,6.8119
2.4432,2.2153,6.3352
-0.8031,2.8323,-1.8294
-0.6844,2.8175,-2.7106
2.2191,1.1235,8.3465
-0.4102,3.6032,-3.0679
2.7904,-1.4250,14.2723
0.9483,3.4200,1.1421
1.5288,0.5717,7.2307
-0.9217,1.7624,-0.6634
2.6222,2.0401,8.0038
1.5058,-0.8020,8.7979
-2.2643,-1.2693,-0.3763
-0.6280,3.8503,-2.0971
0.5453,-1.1561,6.6123
-1.5622,3.7612,-6.2871
-2.0978,-1.1942,-0.0602
-1.6374,1.5716,-1.5993
2.9840,-1.1236,13.6811
0.3890,0.1863,4.6167
1.7152,2.4607,4.9859
0.1111,-1.2321,6.4403
1.7736,-1.8241,10.9354
-1.6521,1.5832,-3.3106
2.1217,0.7883,8.1185
-1.1934,-0.4264,2.0868
2.4559,-1.2096,12.5826
