temp,humidity,wind_speed,pm25_lag1,pm25_neighbor,hour,pm25_next
9.1,74.1,1.8,9.2,11.2,5,5.6
12.5,82.1,5.7,18.3,31.4,20,15.0
16.4,35.3,0.4,112.3,122.7,6,101.2
9.6,37.4,3.6,23.8,20.2,0,9.1
4.3,73.6,2.7,25.1,24.7,2,21.5
11.8,39.0,1.6,12.3,12.7,0,17.8
20.3,68.2,0.1,30.4,48.0,11,33.3
14.4,61.3,2.9,46.2,41.1,6,44.8
20.0,32.5,2.9,17.5,23.8,8,9.2
13.5,94.3,1.3,33.3,34.1,17,41.7
17.4,72.4,1.8,39.4,45.0,16,39.4
5.6,56.6,1.0,85.0,104.9,2,66.8
25.2,56.6,2.5,38.3,50.7,11,24.7
13.1,64.2,1.7,33.9,27.0,8,30.2
14.4,78.6,1.7,62.4,81.9,5,52.4
17.4,75.8,3.0,28.5,27.7,6,16.3
13.5,76.4,2.8,23.8,31.4,4,20.8
24.6,74.0,1.1,35.7,43.7,8,30.2
23.3,75.7,5.6,18.0,24.8,11,3.5
21.5,60.8,2.5,43.6,50.8,10,33.9
11.7,85.7,2.1,41.5,49.0,1,32.0
12.6,87.3,3.0,25.4,29.1,8,15.1
19.9,35.5,0.6,23.8,30.5,7,25.4
20.6,71.3,0.2,53.1,65.5,9,60.4
12.7,33.3,5.3,33.6,36.9,3,23.9
4.5,94.1,0.3,47.2,57.5,0,46.1
14.4,78.9,0.5,17.8,22.0,7,18.3
20.7,48.4,0.9,21.7,26.0,13,16.8
23.3,48.5,1.7,22.4,24.2,10,11.1
17.5,73.5,3.2,49.3,52.5,16,35.0
16.2,91.2,1.3,49.9,55.8,19,40.8
16.2,92.6,4.0,44.6,54.5,15,32.5
15.4,59.8,5.3,26.9,31.0,7,20.9
13.2,64.5,2.8,5.6,8.6,3,8.6
18.7,46.7,0.7,17.8,22.9,9,20.9
16.1,91.1,1.1,34.4,35.9,8,28.3
1.3,87.8,2.9,23.8,19.8,23,15.5
10.2,38.3,2.1,18.4,18.6,23,11.7
22.6,82.6,1.8,38.7,39.3,11,37.7
7.0,56.6,3.5,5.0,13.5,2,2.0
15.3,61.8,0.4,15.9,3.7,19,14.1
8.3,90.4,2.3,45.5,48.4,22,44.5
11.6,50.1,0.9,18.0,17.4,21,12.1
11.5,47.7,1.2,5.2,7.7,6,2.4
21.5,62.1,1.1,18.8,28.8,15,16.3
12.1,50.3,1.0,5.0,7.1,9,3.5
19.8,39.3,0.5,19.0,11.9,7,11.5
8.0,41.4,4.2,56.3,70.3,23,45.8
12.9,87.0,1.7,16.7,28.5,0,11.9
17.7,85.8,1.1,21.4,25.8,15,18.2
23.8,50.4,1.8,30.7,38.2,14,28.1
7.6,85.7,3.9,38.2,49.1,23,31.4
25.2,70.7,4.1,47.8,57.2,12,37.7
18.2,82.0,2.7,13.4,17.6,14,4.9
21.0,66.0,0.9,6.8,7.1,19,8.5
8.4,31.2,1.9,23.0,31.6,2,24.6
12.6,54.9,1.1,25.1,27.3,6,17.1
17.4,36.6,3.2,14.7,20.4,9,3.9
18.5,49.2,0.8,54.7,55.1,17,48.2
11.6,83.3,2.1,8.0,23.3,19,21.4
7.4,71.5,1.1,6.0,12.0,1,5.6
12.5,49.8,2.2,36.1,33.5,18,29.9
20.8,68.6,3.2,40.6,48.5,15,38.9
18.6,80.6,2.9,24.0,23.6,9,15.0
8.6,46.7,0.2,19.0,34.7,1,16.0
19.2,79.2,3.9,14.2,22.0,10,2.0
14.7,56.6,2.4,27.8,25.2,5,23.0
5.0,34.8,1.4,7.3,10.5,22,9.0
9.1,79.7,2.3,35.6,40.7,20,33.8
18.1,74.4,1.5,5.0,5.8,11,11.4
11.7,40.7,0.5,29.3,21.8,0,19.8
6.0,64.8,1.2,18.5,19.0,23,8.9
5.3,60.0,6.0,66.2,78.3,2,44.4
14.1,74.9,3.3,25.2,28.1,16,21.8
12.6,75.1,3.3,31.0,28.9,3,24.6
14.8,44.1,2.8,15.3,32.1,5,13.3
12.8,58.0,1.5,67.1,71.8,2,53.3
19.0,33.2,5.3,35.9,57.2,6,18.7
14.2,58.3,1.4,8.6,7.9,3,10.8
3.0,48.2,4.5,5.7,8.6,23,2.0
22.8,47.0,0.4,47.8,44.9,12,40.5
10.6,35.1,2.8,21.0,20.9,21,13.4
19.4,37.0,0.9,58.5,78.7,11,51.4
16.9,49.1,0.9,20.2,22.4,5,13.3
15.5,72.4,4.9,12.8,9.8,10,2.0
19.3,51.1,1.6,60.5,58.4,15,54.8
13.9,90.0,4.8,25.7,27.3,17,18.3
18.8,62.1,2.9,26.9,15.2,16,19.1
11.6,54.1,3.2,25.9,25.9,4,11.6
16.4,90.1,0.6,33.5,41.6,11,27.1
8.2,37.1,2.3,42.6,50.1,0,41.1
21.7,82.7,2.8,32.5,43.5,12,28.8
18.8,37.0,0.8,35.0,34.9,8,22.4
9.1,73.2,2.0,21.9,22.4,22,14.4
15.7,70.5,2.1,19.2,23.7,6,22.8
14.6,48.5,1.6,18.0,21.0,19,24.5
21.8,93.6,6.3,21.5,35.0,11,10.9
15.4,57.7,3.0,11.3,8.6,17,9.6
17.3,42.5,2.2,19.4,17.1,11,10.1
9.6,49.3,1.7,24.8,36.3,2,29.0
9.6,81.9,3.6,11.7,14.5,23,10.4
20.1,47.1,2.2,16.8,21.6,11,11.3
23.6,53.4,3.0,14.9,27.3,16,14.7
25.2,47.9,0.7,15.5,17.9,12,15.9
18.3,85.1,4.1,27.4,18.9,9,9.7
4.1,87.8,3.8,17.8,19.1,0,4.9
13.0,49.6,1.5,18.7,31.8,9,19.1
19.8,53.9,0.3,71.0,79.5,12,66.0
4.6,49.3,1.5,32.3,37.0,0,29.0
13.7,56.4,1.1,12.0,19.1,6,6.9
24.0,70.2,4.1,31.5,33.8,11,15.9
17.9,48.1,0.4,36.1,40.5,16,36.6
23.0,93.8,6.6,26.8,26.2,11,7.0
12.9,68.2,0.5,23.7,20.7,0,14.6
21.5,64.0,1.2,68.6,59.2,10,55.8
13.8,92.2,1.4,26.0,27.4,6,14.5
8.2,52.5,0.8,23.7,18.7,0,19.5
23.8,33.3,1.3,13.1,5.6,11,5.9
21.5,87.9,2.1,9.3,12.7,10,4.3
21.2,89.7,2.8,18.6,33.1,14,15.8
16.9,79.1,0.3,51.0,62.9,12,45.6
8.1,68.2,2.9,40.7,45.1,4,29.2
14.1,49.4,2.1,66.0,73.9,7,63.3
15.2,60.5,4.6,21.5,21.2,5,6.4
11.2,94.0,0.9,18.4,24.5,4,13.8
13.0,82.7,1.3,19.7,38.8,2,24.2
17.1,49.1,2.0,61.5,72.5,16,53.4
7.0,58.1,1.4,22.0,37.1,3,21.0
14.3,69.2,3.1,14.5,24.8,23,10.4
9.4,60.8,1.6,39.1,41.5,22,31.7
10.9,60.2,2.4,22.4,21.7,5,8.6
14.4,89.5,0.6,33.7,33.2,6,33.6
9.8,72.4,0.6,30.2,35.9,3,27.3
10.5,89.4,3.0,32.9,36.7,19,19.2
10.9,33.4,0.9,38.8,36.8,4,39.7
21.3,66.6,0.2,18.3,16.7,9,16.0
8.4,68.6,2.5,47.4,69.3,0,43.7
18.9,88.2,2.9,12.9,18.6,10,14.2
21.4,94.0,3.4,34.5,45.7,14,32.9
11.7,67.4,0.8,17.1,31.9,18,18.5
13.6,42.2,1.3,5.0,11.8,22,9.8
0.5,66.3,2.5,9.7,8.5,22,9.4
19.9,59.9,2.4,28.4,28.7,9,24.2
16.8,52.5,0.5,20.9,26.3,16,27.6
6.9,50.2,1.4,20.1,26.2,0,17.1
25.0,73.8,0.9,23.5,23.7,12,22.2
9.3,50.4,1.5,13.2,13.6,21,14.4
18.9,37.4,3.6,25.2,16.9,18,8.3
18.3,87.5,0.3,6.2,15.2,21,9.8
20.0,61.6,3.4,29.3,34.8,16,22.2
25.3,60.6,7.6,21.7,16.4,13,8.1
18.0,71.3,2.0,7.0,18.8,21,6.7
10.7,52.3,4.0,32.2,46.6,3,21.7
16.3,53.4,3.7,40.1,57.4,17,38.4
10.8,58.0,2.5,61.5,74.0,19,59.7
15.5,32.7,2.1,13.8,12.6,18,14.1
17.3,60.9,3.3,9.0,16.9,19,12.4
11.3,94.1,3.6,35.4,44.1,5,24.4
23.3,93.3,0.7,19.1,24.6,11,20.9
18.4,73.3,0.1,19.5,19.7,11,14.6
14.0,41.1,2.9,23.9,31.6,5,17.3
15.2,58.8,3.0,22.6,35.5,10,23.1
21.1,83.5,2.2,68.3,93.0,16,62.0
17.5,73.5,1.5,17.3,25.9,15,19.8
18.1,30.5,5.0,33.2,31.9,16,31.3
8.0,94.0,6.8,23.9,33.2,20,11.7
21.9,47.0,5.2,56.9,52.2,10,36.6
15.9,55.6,1.8,12.7,16.4,18,8.6
22.8,60.3,1.6,18.1,11.5,11,12.1
18.6,43.5,1.3,21.5,36.6,14,25.6
24.6,42.2,3.2,30.4,40.2,15,26.6
18.4,37.0,2.5,22.0,17.1,8,4.9
12.2,87.9,2.6,31.1,35.5,5,20.7
21.4,41.3,1.6,29.6,31.8,11,34.5
18.4,33.9,0.6,24.7,23.5,9,20.6
18.5,81.9,5.3,5.0,14.4,16,2.0
9.8,50.7,0.5,28.3,31.5,0,29.3
11.0,55.0,2.2,10.8,21.3,4,2.0
7.1,34.2,1.5,21.5,17.6,1,14.2
8.6,78.4,1.2,27.6,30.0,4,15.6
19.8,43.1,0.6,8.6,19.3,14,12.3
19.4,90.6,1.1,47.0,39.2,10,36.2
17.7,54.6,0.7,30.8,35.0,9,34.4
19.7,56.7,1.1,40.8,49.3,15,36.1
10.5,64.3,2.7,22.3,33.7,0,23.6
16.4,58.9,0.3,15.5,19.7,15,16.2
22.9,72.4,3.3,10.2,12.2,14,5.0
16.3,51.8,0.5,20.1,23.5,16,19.5
19.6,57.7,1.8,16.8,21.0,13,13.8
18.3,60.8,0.7,11.9,26.7,14,19.1
12.3,65.2,0.4,55.6,55.7,20,52.9
11.2,75.4,2.8,21.1,19.1,21,17.5
11.5,87.3,5.3,46.1,49.3,22,30.9
19.8,90.4,1.0,66.7,79.1,17,59.1
20.7,49.3,0.4,26.4,29.9,13,21.1
23.9,59.0,0.3,14.2,22.7,10,17.4
22.8,91.4,1.2,24.3,31.3,13,21.7
12.2,56.9,1.1,21.3,20.3,5,10.4
18.1,55.4,2.2,68.7,76.1,7,52.1
18.4,77.6,0.8,24.3,29.5,16,19.7
19.5,64.4,1.1,5.3,15.4,13,4.7
17.6,72.9,2.9,58.0,71.2,18,56.5
23.6,55.9,0.8,11.8,19.4,11,11.9
16.9,78.5,1.6,12.2,12.0,2,5.7
5.3,50.2,3.6,13.1,13.5,23,12.6
6.4,72.2,4.0,9.8,7.9,0,2.0
16.1,64.6,0.6,26.0,33.5,6,24.5
27.3,69.4,2.3,5.3,8.3,11,11.8
8.9,95.0,0.7,17.8,17.8,23,19.5
13.6,49.9,5.0,14.0,13.6,17,12.1
9.6,67.3,0.9,5.0,5.5,23,5.6
15.0,87.0,0.4,47.5,70.1,17,51.5
13.0,89.3,2.5,44.0,46.1,18,39.0
12.7,58.8,0.3,9.0,16.4,5,12.3
18.9,91.4,0.8,12.9,11.3,11,13.1
9.5,64.8,2.1,31.7,30.7,2,23.0
21.9,45.1,2.1,73.9,83.1,12,67.3
17.6,75.4,4.4,70.8,74.9,16,62.9
5.0,35.3,4.8,38.4,32.7,1,30.3
21.7,89.3,2.0,17.1,24.8,11,8.6
24.5,65.0,2.3,36.9,45.1,12,38.3
17.8,38.4,3.1,27.7,34.2,9,16.9
20.0,48.3,2.9,8.2,13.4,16,4.6
12.1,48.9,3.7,16.4,33.9,3,12.8
11.1,76.1,2.6,31.2,41.9,0,21.7
18.6,83.0,11.9,34.5,32.7,18,13.5
20.4,80.9,0.7,35.0,34.1,16,30.2
19.2,69.5,2.7,7.7,21.1,9,12.6
4.3,42.5,1.0,19.3,17.6,22,15.3
8.5,80.9,1.0,12.1,9.6,2,14.0
12.4,51.4,3.5,45.8,49.2,3,30.4
23.0,53.5,2.7,16.3,14.0,16,11.4
23.1,55.8,0.8,20.3,29.1,11,17.3
12.9,88.9,3.1,7.1,10.9,18,3.2
19.0,34.3,1.8,12.1,11.0,8,2.9
18.6,80.2,0.6,14.5,10.5,15,6.7
9.8,44.7,1.9,35.8,42.8,23,18.5
20.0,58.9,1.2,19.3,26.9,9,23.6
12.6,39.5,5.0,6.6,12.1,7,2.0
12.6,38.7,4.1,42.9,46.9,0,33.4
23.9,69.5,0.4,28.8,35.2,9,22.1
13.5,70.4,2.0,40.3,42.4,8,37.9
19.7,72.1,1.4,28.9,29.2,13,24.5
19.1,44.1,1.0,26.4,37.6,7,26.5
11.7,33.1,4.4,5.0,6.6,3,2.0
11.4,94.1,0.5,30.0,31.6,2,20.7
16.6,94.6,1.3,22.4,12.7,14,20.4
14.0,39.4,1.2,23.4,35.5,5,26.7
0.9,83.9,0.8,60.8,63.2,0,45.0
10.0,68.1,1.1,24.8,32.9,21,22.1
18.7,94.2,1.3,27.2,29.9,16,24.3
13.3,46.5,0.5,23.5,24.6,22,21.7
12.0,41.7,0.7,10.6,16.3,3,8.3
13.6,41.2,3.8,25.1,35.5,18,11.9
12.3,51.6,1.3,28.7,33.0,21,17.9
15.2,40.7,0.8,24.0,29.4,22,22.5
14.0,80.9,3.8,35.7,40.7,4,25.4
18.1,63.7,0.9,22.3,20.8,6,14.9
16.1,58.0,0.9,33.5,33.7,16,29.6
10.2,35.3,3.0,15.6,20.0,0,13.7
18.4,79.8,0.1,5.0,2.8,6,2.0
21.5,48.6,1.6,41.1,49.5,14,38.2
9.8,39.3,1.6,15.6,8.0,21,7.4
8.4,68.4,2.1,8.8,11.3,23,13.2
13.5,89.9,2.8,5.0,13.7,5,2.0
10.3,91.6,0.3,34.0,36.4,20,29.6
24.4,59.0,3.2,5.1,11.3,11,2.0
18.5,75.1,2.1,14.4,11.5,13,14.7
25.8,68.6,3.6,15.0,16.3,11,4.7
17.0,58.2,2.9,11.5,11.6,14,10.5
12.2,50.2,1.3,17.9,26.9,20,19.2
27.4,62.9,1.2,55.7,70.5,13,51.5
20.5,81.8,1.8,47.3,59.5,10,38.2
23.5,78.3,1.1,9.4,11.3,9,14.4
22.5,47.3,0.1,9.1,24.3,15,18.4
6.9,93.7,4.3,14.1,13.1,3,2.0
16.0,92.8,1.7,56.8,65.1,17,46.8
15.3,53.5,2.9,24.2,30.7,18,24.7
15.4,42.4,0.7,34.3,31.9,6,22.1
22.7,73.8,4.9,36.7,34.5,15,25.4
10.2,31.6,4.8,19.0,22.6,1,2.0
14.8,34.2,9.8,18.7,8.7,20,2.0
11.4,72.2,2.2,30.9,41.3,3,27.6
21.6,56.1,5.2,66.2,73.6,11,55.0
9.8,32.9,1.3,49.2,51.9,20,45.2
8.0,82.6,0.9,63.1,68.5,21,46.6
18.4,56.8,4.7,23.8,38.0,19,20.6
11.7,77.5,3.8,17.5,27.9,4,13.5
10.9,59.0,1.8,21.1,34.8,1,11.6
16.8,73.8,4.4,32.6,36.5,11,17.9
18.9,83.8,2.2,9.6,9.9,9,2.0
17.0,35.9,2.6,30.0,23.8,7,13.8
5.9,92.8,1.1,28.3,35.8,23,30.5
16.1,48.8,2.4,43.4,43.2,16,36.0
19.9,78.3,1.7,37.3,36.6,10,22.1
19.3,92.2,4.4,41.5,55.5,10,35.0
14.0,76.1,1.3,13.4,10.3,16,11.4
15.0,62.2,2.0,22.5,35.9,20,18.9
18.7,43.9,4.5,27.8,41.3,9,19.9
15.7,92.6,0.6,16.4,16.1,6,13.4
15.6,87.2,0.9,37.6,33.4,19,27.8
17.6,65.7,0.2,41.0,45.3,7,34.9
16.8,76.3,2.1,30.0,33.0,16,22.8
9.1,36.5,0.9,24.6,33.6,3,22.0
15.8,48.4,0.6,18.2,14.9,8,16.8
10.7,46.4,2.3,27.7,41.9,5,23.4
13.2,87.9,1.9,60.6,60.0,16,51.4
10.1,33.3,6.4,44.7,47.1,4,23.4
20.0,94.5,7.1,22.0,24.5,7,6.9
20.0,78.0,0.5,6.5,20.5,7,12.3
18.6,79.3,2.0,62.4,65.1,7,42.3
15.2,57.1,1.8,23.9,24.0,5,12.3
8.4,87.0,3.5,22.8,20.6,22,13.5
10.4,61.2,2.7,63.7,81.4,4,52.5
7.2,41.8,1.8,8.3,12.0,1,12.1
13.5,87.7,3.8,41.4,55.5,17,33.5
7.4,48.8,1.4,17.8,26.2,4,12.4
19.9,35.1,1.4,6.1,20.1,9,5.8
19.8,53.7,3.8,21.5,20.2,11,12.2
13.3,43.3,2.2,28.2,36.9,0,28.0
14.2,64.6,2.4,22.0,24.6,17,12.8
9.8,75.1,2.0,24.6,23.1,21,24.7
23.1,73.0,0.3,20.8,33.3,10,21.9
7.5,76.2,0.4,8.3,18.6,0,16.5
18.9,92.1,3.6,25.0,29.1,15,25.0
14.6,60.0,2.7,20.1,19.3,11,11.6
11.9,35.3,1.7,31.3,32.3,2,17.5
18.0,60.5,2.5,20.0,22.6,18,15.3
23.9,62.5,3.5,32.9,24.1,10,19.3
8.6,68.7,2.2,36.6,38.0,21,23.1
22.6,53.4,0.6,18.2,26.3,13,17.2
20.2,81.8,4.0,15.9,23.9,8,6.9
22.1,36.4,1.0,5.0,15.5,11,3.9
11.2,55.1,1.9,5.3,10.7,2,2.0
7.9,61.1,1.0,45.2,41.1,5,33.3
18.3,32.0,2.3,9.4,16.9,10,2.0
10.1,92.4,0.7,12.2,16.1,20,13.6
14.2,84.1,1.7,36.7,45.5,8,39.1
19.3,35.0,1.1,17.4,25.0,11,15.6
11.8,40.3,1.4,7.8,14.4,2,9.0
28.0,83.7,2.8,50.4,63.0,10,44.5
7.4,69.0,3.6,10.0,10.5,22,8.6
16.9,89.9,2.8,36.3,43.1,9,25.1
11.7,44.2,1.3,20.8,24.6,20,19.2
8.7,88.9,3.0,33.2,36.8,3,28.2
8.7,72.5,2.0,25.2,29.8,2,20.9
18.8,30.6,2.0,25.5,28.9,18,32.5
12.0,61.3,3.8,27.1,28.7,19,18.2
15.1,81.2,1.7,28.4,35.1,18,29.3
23.7,70.6,0.6,27.5,29.0,12,15.3
8.9,33.2,2.8,19.5,6.5,0,2.8
13.5,50.6,4.7,57.4,74.1,3,41.3
19.8,49.6,2.8,54.3,63.0,10,38.5
16.7,75.5,1.1,21.6,18.9,18,17.5
19.4,56.1,1.5,5.0,8.2,11,2.0
19.7,53.3,0.9,49.6,50.2,12,43.8
6.0,58.7,3.3,12.7,24.8,3,11.4
13.6,62.2,1.3,14.0,18.2,19,13.3
15.7,54.0,3.5,49.8,61.3,8,41.0
6.4,50.8,0.3,16.0,20.6,0,22.2
8.1,69.9,1.6,21.8,23.7,1,14.7
20.3,83.0,1.1,28.2,26.4,17,24.4
8.3,78.6,2.5,13.8,11.2,2,4.4
22.6,66.6,2.0,11.9,16.6,11,5.9
19.2,33.7,3.6,13.0,10.8,14,9.7
16.8,91.3,0.7,43.7,55.8,15,49.1
6.5,45.2,0.4,29.7,41.4,1,31.6
20.3,54.5,0.9,30.7,41.3,7,33.3
12.3,74.5,1.3,15.1,13.4,21,10.1
22.7,51.6,4.7,5.0,6.1,12,2.0
4.9,82.4,5.5,27.1,21.2,21,13.6
15.4,86.3,1.3,12.6,8.2,17,14.2
13.2,54.9,1.5,16.1,16.2,18,13.3
9.8,69.4,4.7,13.6,12.6,2,2.0
13.7,30.1,1.4,16.6,22.3,3,11.0
15.9,30.4,1.2,43.0,45.0,7,32.9
8.7,93.6,2.3,8.5,22.2,1,6.3
22.4,92.2,0.5,20.2,22.1,15,23.4
19.4,82.0,2.3,30.8,30.0,14,29.2
2.5,68.2,1.5,7.9,10.5,3,2.0
17.5,44.9,0.4,32.3,31.8,11,28.9
13.0,30.6,0.1,58.3,68.5,17,58.7
13.9,94.2,1.5,25.9,25.7,4,24.0
18.0,69.3,2.3,12.8,13.7,9,2.0
11.3,53.9,2.4,20.0,29.1,19,14.7
15.4,52.1,1.2,22.2,25.1,21,13.8
5.3,90.0,2.9,26.7,30.8,3,21.9
8.3,36.9,1.2,19.8,28.2,21,10.1
8.4,59.9,0.9,16.8,26.4,0,15.0
13.2,64.4,1.2,5.0,15.9,17,3.4
15.7,41.3,5.6,41.6,55.0,9,30.3
4.6,84.0,0.9,47.9,53.2,1,43.1
25.1,46.9,2.9,50.4,68.2,10,44.9
25.9,66.5,1.6,45.6,48.1,12,45.4
21.2,40.0,5.0,20.0,20.0,14,6.8
12.2,76.4,3.9,36.3,51.1,22,25.3
20.6,37.3,1.1,70.7,82.2,8,56.2
18.5,37.4,4.5,14.3,18.6,8,6.0
11.6,64.7,0.9,7.3,25.8,20,8.7
12.3,76.7,0.6,8.0,6.4,7,2.2
20.3,42.1,1.4,24.2,28.9,10,18.8
8.5,33.6,1.8,5.3,4.8,5,2.0
14.9,49.6,0.9,5.0,8.2,20,2.0
13.4,92.7,0.4,22.0,34.2,6,26.2
11.0,52.9,0.4,46.8,61.1,7,43.5
5.7,37.2,3.5,33.6,44.5,19,29.6
24.8,59.9,0.7,27.0,26.5,12,21.2
14.2,57.1,2.2,16.2,8.4,17,12.0
18.9,90.7,1.5,28.0,19.5,10,22.8
5.4,73.5,2.4,44.3,47.9,3,31.8
14.3,51.5,2.0,5.0,6.5,3,2.0
8.8,92.1,1.9,29.4,53.5,21,29.5
19.6,38.2,4.7,65.2,78.5,7,47.9
18.7,67.1,1.0,32.8,21.3,6,21.9
22.8,89.8,3.1,39.3,40.1,13,26.5
19.1,80.5,0.2,29.3,32.2,15,29.5
19.6,43.9,6.1,11.3,10.8,18,3.8
21.4,53.7,3.3,18.3,17.7,8,10.9
8.2,34.0,0.8,5.0,10.7,0,2.0
20.0,90.4,1.9,36.9,51.1,17,30.9
26.2,92.1,0.3,56.8,64.0,16,53.7
7.5,67.8,2.8,12.2,14.5,2,2.0
10.1,72.9,0.8,18.1,15.8,23,11.8
14.0,49.2,2.1,7.6,21.4,2,5.5
12.4,51.7,1.9,14.8,16.8,22,7.1
9.6,64.8,0.6,22.6,18.9,23,12.7
8.1,38.6,1.8,18.0,17.4,20,19.1
7.8,59.4,2.9,21.0,17.9,0,25.7
7.7,88.2,0.8,20.5,23.1,20,19.6
10.8,86.4,4.1,27.9,47.1,5,23.9
20.9,90.6,1.1,5.0,19.0,10,4.7
12.6,34.7,2.6,24.3,33.4,19,18.5
11.9,30.2,1.7,27.5,28.6,4,18.5
14.5,59.0,1.8,11.6,19.2,20,9.3
19.8,54.3,1.1,27.7,42.3,15,31.9
11.4,40.0,1.0,5.0,13.0,20,3.5
26.2,49.0,0.5,19.3,23.3,12,9.3
6.5,37.3,1.5,20.6,13.7,4,4.6
9.4,93.8,0.9,30.7,35.1,5,31.1
20.9,36.2,0.3,31.1,29.5,12,25.6
9.7,87.9,2.7,14.3,6.3,0,8.9
13.0,49.0,0.6,30.0,39.4,20,28.6
20.5,31.6,2.4,13.1,9.9,10,2.0
13.5,82.7,2.2,14.3,11.7,20,13.5
14.9,78.7,2.4,11.5,16.7,8,14.5
8.5,86.0,0.7,15.9,13.8,1,6.1
17.1,55.8,2.1,26.0,28.1,15,28.6
20.1,40.9,2.3,23.8,17.1,8,14.2
18.0,89.7,6.0,7.2,8.3,15,4.6
16.9,83.7,1.0,8.4,10.1,18,2.1
5.5,55.7,2.8,46.4,63.3,23,46.9
21.4,84.4,4.7,29.0,36.1,7,19.9
16.2,41.7,2.7,10.2,25.3,6,2.0
16.7,43.5,3.0,15.8,26.3,20,8.1
11.1,58.5,6.1,14.8,11.7,3,3.8
9.3,92.5,7.2,15.9,26.3,22,16.5
12.9,88.9,2.4,67.8,62.1,22,60.8
12.7,58.4,1.6,36.1,22.1,19,26.6
11.1,92.4,1.8,19.2,28.1,16,19.7
22.1,56.2,3.5,7.1,7.4,13,2.0
7.1,59.9,1.1,8.2,16.9,2,2.9
16.9,52.2,4.9,33.0,32.3,6,23.8
11.7,46.5,0.7,40.3,52.7,4,29.8
17.0,76.0,3.7,15.8,23.8,14,11.6
11.7,77.9,2.4,5.6,11.1,4,2.0
13.3,49.6,0.4,6.6,13.3,16,5.6
19.7,90.1,1.6,29.4,29.9,7,23.8
9.1,46.0,4.2,5.0,22.5,5,2.0
22.3,49.2,1.4,20.6,16.4,14,18.4
20.6,56.9,0.4,44.7,62.9,8,42.3
14.6,55.4,0.6,32.7,23.8,2,14.7
20.9,64.6,4.1,30.8,29.4,16,18.8
8.3,65.4,0.2,26.3,26.1,21,22.4
15.1,77.7,3.1,31.3,38.9,7,25.3
6.2,34.9,1.2,28.8,37.1,0,20.4
4.6,36.2,1.5,33.9,36.2,22,24.8
19.2,77.8,3.2,5.0,10.0,13,2.7
7.8,78.3,1.2,47.5,48.5,18,47.7
12.7,89.8,1.0,22.3,20.9,20,30.1
22.2,93.7,1.8,35.0,32.2,8,25.4
19.9,57.8,2.6,7.7,14.1,15,8.6
15.0,56.4,1.3,54.6,46.6,6,37.9
23.0,80.7,1.4,25.1,18.0,9,21.3
13.3,65.4,1.2,35.3,46.5,19,32.4
16.7,94.7,1.0,5.0,8.6,8,5.0
19.6,84.6,1.9,38.8,50.0,14,28.9
8.7,71.3,1.0,30.6,37.9,5,23.7
25.4,58.4,4.4,14.9,6.3,12,11.6
11.8,54.5,1.0,23.9,30.0,22,17.5
15.1,76.5,1.7,27.3,25.7,23,31.4
8.7,48.7,1.7,31.1,28.9,22,32.1
22.0,53.5,1.4,33.2,48.1,14,22.1
8.0,75.1,1.5,9.0,15.9,23,8.7
10.4,88.4,0.7,25.1,30.5,19,22.4
22.2,95.0,2.3,32.7,30.3,16,33.2
13.0,84.1,0.9,28.9,31.6,6,19.0
17.4,48.2,0.6,66.1,70.4,6,57.9
16.9,34.4,0.6,45.2,45.8,8,38.2
19.1,88.3,2.5,13.4,13.0,14,5.2
14.9,71.2,4.8,42.4,35.5,7,29.3
14.4,88.2,0.5,28.3,33.1,5,23.4
14.4,91.4,0.9,27.5,26.8,2,28.4
10.7,79.7,5.7,38.8,40.4,19,17.5
11.1,94.6,2.8,25.3,22.2,1,19.7
20.7,57.0,4.0,28.2,28.6,13,18.4
22.7,79.9,5.1,22.8,35.3,12,17.0
9.2,51.8,1.6,52.1,68.8,22,44.5
8.8,94.1,1.7,16.6,20.6,2,13.1
14.0,56.0,0.6,5.0,20.0,6,10.7
16.8,41.7,3.3,15.6,21.7,19,18.4
9.3,60.1,1.3,10.2,14.8,1,8.7
17.0,75.1,2.3,10.8,18.5,10,5.9
13.3,89.0,1.4,11.7,11.9,19,15.9
18.3,81.9,2.0,24.1,30.6,6,25.8
4.1,63.4,0.7,9.8,4.0,2,9.8
8.6,76.7,2.1,35.3,32.5,1,35.6
12.5,91.0,0.3,18.8,25.5,4,9.4
16.6,48.6,2.0,26.6,28.3,5,16.1
25.8,89.2,4.6,27.9,24.3,11,18.0
6.1,91.7,1.9,30.8,40.8,1,26.3
18.2,48.2,3.0,50.2,65.6,10,47.5
14.2,66.2,2.3,12.3,8.8,2,4.4
17.7,83.1,4.2,37.1,42.8,10,24.4
9.8,84.3,4.6,5.7,5.3,0,2.0
19.1,56.9,2.9,40.0,24.8,16,28.6
22.5,79.0,1.6,23.4,25.5,9,18.7
19.0,64.5,1.3,22.1,21.5,9,26.8
21.4,56.6,3.1,21.9,21.7,15,15.7
19.6,80.7,1.7,12.5,20.7,18,15.2
12.0,88.4,3.6,30.9,34.1,18,25.0
20.9,70.2,1.7,16.3,17.1,11,8.4
15.4,94.1,5.0,24.7,35.5,7,13.8
22.8,84.8,1.0,35.7,47.6,15,29.3
19.5,41.3,1.0,35.5,39.0,6,26.4
19.2,37.1,1.0,19.7,23.9,16,18.7
22.4,79.9,2.0,24.9,34.1,16,20.3
5.0,71.5,1.2,12.9,21.2,0,15.2
9.7,93.9,2.8,25.9,30.1,7,23.5
9.0,37.5,1.6,13.5,15.5,23,16.2
17.7,34.9,1.9,25.6,30.2,6,15.2
12.3,81.8,3.2,14.7,8.9,2,2.0
10.7,48.4,12.2,13.4,13.1,4,2.0
21.0,86.5,0.5,17.7,20.6,7,9.1
12.7,80.7,0.4,23.9,25.7,20,26.9
20.2,93.6,2.0,41.1,49.8,15,38.9
17.1,37.5,0.5,29.9,35.8,8,17.2
23.1,64.9,1.4,20.1,11.4,11,11.3
20.7,69.0,3.4,41.9,49.7,11,39.1
17.3,89.0,4.4,13.5,23.5,20,10.3
11.0,40.4,6.2,11.0,21.9,20,6.4
9.5,53.2,4.1,22.5,19.4,1,7.6
12.2,68.1,1.5,26.0,40.1,6,29.3
16.6,63.3,0.7,59.2,54.6,20,56.1
10.0,81.7,0.5,16.2,12.4,4,8.4
14.9,68.3,1.3,22.1,25.9,20,19.9
10.4,44.0,0.5,23.3,25.2,0,22.1
21.3,81.2,1.9,27.0,35.0,13,29.7
9.4,48.1,3.3,5.0,9.0,2,2.0
14.6,34.0,4.8,15.4,16.6,19,5.6
16.5,77.3,0.9,21.1,29.5,9,19.2
22.8,83.4,1.4,35.8,33.4,12,28.8
17.3,41.6,1.5,25.9,30.4,17,20.9
12.5,59.4,3.8,17.0,21.3,4,4.0
20.6,61.8,1.7,6.0,12.5,9,7.8
12.9,45.0,1.9,31.8,36.3,19,25.1
10.8,48.0,1.1,22.4,15.5,4,19.0
18.2,58.3,1.1,71.0,77.4,11,56.5
23.9,36.2,0.4,51.4,45.3,12,40.4
24.3,73.9,1.4,32.8,38.6,10,28.2
20.7,75.2,1.0,31.0,36.3,7,23.5
14.5,36.8,1.1,13.8,15.4,6,7.7
15.6,61.0,0.7,18.5,24.5,5,12.6
16.1,91.4,4.0,27.6,20.5,20,21.9
9.2,69.2,2.4,24.2,31.5,19,24.5
19.3,78.4,3.8,50.6,65.9,8,41.9
16.0,80.5,3.8,25.3,22.8,8,13.7
14.3,44.4,3.3,10.2,17.8,4,7.3
16.9,59.6,1.5,23.5,44.8,8,21.0
18.2,75.6,2.4,5.0,7.6,15,2.0
15.9,63.1,3.3,33.4,37.2,18,28.2
13.2,82.9,1.3,48.8,50.4,19,39.8
15.8,48.1,4.6,41.3,40.6,3,25.9
17.6,51.5,0.6,25.6,36.0,16,29.0
11.2,70.9,3.8,17.6,18.5,21,10.2
20.9,85.5,0.8,24.5,34.1,16,25.9
22.6,79.8,0.8,12.4,10.0,11,11.9
14.6,49.5,1.2,19.9,21.8,5,16.8
17.7,93.3,4.5,5.0,6.0,7,2.0
11.9,70.6,1.2,18.4,14.0,19,17.9
21.4,79.5,3.2,22.0,20.8,16,17.8
10.0,44.5,1.0,40.8,37.7,3,31.7
17.7,74.4,1.2,13.9,10.8,18,12.5
13.3,89.4,0.8,11.4,20.5,6,7.0
21.3,46.0,1.2,40.9,46.0,9,35.6
5.9,57.0,2.3,7.8,6.1,2,2.2
13.0,59.5,1.7,22.8,20.3,20,11.2
12.0,75.0,0.9,27.4,22.6,4,24.2
22.2,79.1,0.3,23.4,26.4,14,21.0
20.6,78.5,1.9,31.0,35.0,19,24.6
15.4,37.3,4.7,26.0,16.2,19,20.5
