doc_id,title,text
"D01","Olaparib maintenance in ovarian cancer","Olaparib is a PARP inhibitor approved for ovarian cancer with germline BRCA1 or BRCA2 mutations. In a randomised trial olaparib maintenance prolonged progression free survival compared with placebo."
"D02","PARP inhibitors: current evidence","Olaparib is a PARP inhibitor approved for ovarian cancer with germline BRCA1 or BRCA2 mutations. In a randomised trial olaparib maintenance prolonged progression free survival compared with placebo. The benefit was largest in homologous recombination deficient tumours, which are also sensitive to platinum chemotherapy. Reversion mutations in BRCA1 or BRCA2 restore homologous recombination and explain acquired resistance to PARP inhibition."
"D03","PARP inhibitors and antiplatelet therapy: a combined review","Olaparib is a PARP inhibitor approved for ovarian cancer with germline BRCA1 or BRCA2 mutations. In a randomised trial olaparib maintenance prolonged progression free survival compared with placebo. The benefit was largest in homologous recombination deficient tumours, which are also sensitive to platinum chemotherapy. Reversion mutations in BRCA1 or BRCA2 restore homologous recombination and explain acquired resistance to PARP inhibition. Aspirin inhibits platelet aggregation and is prescribed after myocardial infarction. Low dose aspirin reduces the risk of recurrent ischaemic events in survivors of myocardial infarction."
"D04","Clinical overview: PARP inhibitors","Olaparib is a PARP inhibitor approved for ovarian cancer with germline BRCA1 or BRCA2 mutations. In a randomised trial olaparib maintenance prolonged progression free survival compared with placebo. The benefit was largest in homologous recombination deficient tumours, which are also sensitive to platinum chemotherapy. Reversion mutations in BRCA1 or BRCA2 restore homologous recombination and explain acquired resistance to PARP inhibition. Computed tomography of the chest is the preferred imaging test when pulmonary embolism is suspected. Contrast enhanced angiography can confirm the diagnosis but is contraindicated in severe renal impairment."
"D05","Aspirin after myocardial infarction","Aspirin inhibits platelet aggregation and is prescribed after myocardial infarction. Low dose aspirin reduces the risk of recurrent ischaemic events in survivors of myocardial infarction."
"D06","Antiplatelet therapy: current evidence","Aspirin inhibits platelet aggregation and is prescribed after myocardial infarction. Low dose aspirin reduces the risk of recurrent ischaemic events in survivors of myocardial infarction. After coronary stent implantation dual antiplatelet therapy with a P2Y12 inhibitor and aspirin is recommended for twelve months. Dual antiplatelet therapy increases gastrointestinal and intracranial bleeding, so risk scores are used to shorten its duration."
"D07","antiplatelet therapy and glucose lowering drugs: a combined review","Aspirin inhibits platelet aggregation and is prescribed after myocardial infarction. Low dose aspirin reduces the risk of recurrent ischaemic events in survivors of myocardial infarction. After coronary stent implantation dual antiplatelet therapy with a P2Y12 inhibitor and aspirin is recommended for twelve months. Dual antiplatelet therapy increases gastrointestinal and intracranial bleeding, so risk scores are used to shorten its duration. Metformin lowers hepatic glucose production and improves insulin sensitivity in type 2 diabetes. It is the first line oral agent unless renal function is impaired, and lactic acidosis is a rare adverse effect."
"D08","Clinical overview: antiplatelet therapy","Aspirin inhibits platelet aggregation and is prescribed after myocardial infarction. Low dose aspirin reduces the risk of recurrent ischaemic events in survivors of myocardial infarction. After coronary stent implantation dual antiplatelet therapy with a P2Y12 inhibitor and aspirin is recommended for twelve months. Dual antiplatelet therapy increases gastrointestinal and intracranial bleeding, so risk scores are used to shorten its duration. Olaparib is a PARP inhibitor approved for ovarian cancer with germline BRCA1 or BRCA2 mutations. In a randomised trial olaparib maintenance prolonged progression free survival compared with placebo."
"D09","Metformin in type 2 diabetes","Metformin lowers hepatic glucose production and improves insulin sensitivity in type 2 diabetes. It is the first line oral agent unless renal function is impaired, and lactic acidosis is a rare adverse effect."
"D10","Glucose lowering drugs: current evidence","Metformin lowers hepatic glucose production and improves insulin sensitivity in type 2 diabetes. It is the first line oral agent unless renal function is impaired, and lactic acidosis is a rare adverse effect. SGLT2 inhibitors such as empagliflozin and dapagliflozin promote urinary glucose excretion and reduce cardiovascular death. In diabetic kidney disease these agents slow the decline of kidney function and are widely prescribed."
"D11","glucose lowering drugs and antibiotics for resistant infection: a combined review","Metformin lowers hepatic glucose production and improves insulin sensitivity in type 2 diabetes. It is the first line oral agent unless renal function is impaired, and lactic acidosis is a rare adverse effect. SGLT2 inhibitors such as empagliflozin and dapagliflozin promote urinary glucose excretion and reduce cardiovascular death. In diabetic kidney disease these agents slow the decline of kidney function and are widely prescribed. Vancomycin is a glycopeptide antibiotic used for serious infections caused by methicillin resistant Staphylococcus aureus. Serum trough concentrations should be monitored to avoid nephrotoxicity during vancomycin treatment."
"D12","Clinical overview: glucose lowering drugs","Metformin lowers hepatic glucose production and improves insulin sensitivity in type 2 diabetes. It is the first line oral agent unless renal function is impaired, and lactic acidosis is a rare adverse effect. SGLT2 inhibitors such as empagliflozin and dapagliflozin promote urinary glucose excretion and reduce cardiovascular death. In diabetic kidney disease these agents slow the decline of kidney function and are widely prescribed. Aspirin inhibits platelet aggregation and is prescribed after myocardial infarction. Low dose aspirin reduces the risk of recurrent ischaemic events in survivors of myocardial infarction."
"D13","Vancomycin dosing and monitoring","Vancomycin is a glycopeptide antibiotic used for serious infections caused by methicillin resistant Staphylococcus aureus. Serum trough concentrations should be monitored to avoid nephrotoxicity during vancomycin treatment."
"D14","Antibiotics for resistant infection: current evidence","Vancomycin is a glycopeptide antibiotic used for serious infections caused by methicillin resistant Staphylococcus aureus. Serum trough concentrations should be monitored to avoid nephrotoxicity during vancomycin treatment. Bloodstream infection with gram negative bacilli requires prompt empirical therapy and repeated cultures. Resistance to third generation cephalosporins limits treatment options and drives the use of newer agents."
"D15","antibiotics for resistant infection and critical laboratory results: a combined review","Vancomycin is a glycopeptide antibiotic used for serious infections caused by methicillin resistant Staphylococcus aureus. Serum trough concentrations should be monitored to avoid nephrotoxicity during vancomycin treatment. Bloodstream infection with gram negative bacilli requires prompt empirical therapy and repeated cultures. Resistance to third generation cephalosporins limits treatment options and drives the use of newer agents. Serum potassium above 6.0 mmol per litre is a critical value that requires immediate clinical review. Haemolysed samples may falsely elevate potassium and should be repeated before treatment decisions."
"D16","Clinical overview: antibiotics for resistant infection","Vancomycin is a glycopeptide antibiotic used for serious infections caused by methicillin resistant Staphylococcus aureus. Serum trough concentrations should be monitored to avoid nephrotoxicity during vancomycin treatment. Bloodstream infection with gram negative bacilli requires prompt empirical therapy and repeated cultures. Resistance to third generation cephalosporins limits treatment options and drives the use of newer agents. Metformin lowers hepatic glucose production and improves insulin sensitivity in type 2 diabetes. It is the first line oral agent unless renal function is impaired, and lactic acidosis is a rare adverse effect."
"D17","Critical potassium values","Serum potassium above 6.0 mmol per litre is a critical value that requires immediate clinical review. Haemolysed samples may falsely elevate potassium and should be repeated before treatment decisions."
"D18","Critical results: current evidence","Serum potassium above 6.0 mmol per litre is a critical value that requires immediate clinical review. Haemolysed samples may falsely elevate potassium and should be repeated before treatment decisions. Laboratory policy requires telephone notification of critical results within thirty minutes. The call must be documented with the name of the receiving clinician and the time of notification."
"D19","critical laboratory results and imaging and renal protection: a combined review","Serum potassium above 6.0 mmol per litre is a critical value that requires immediate clinical review. Haemolysed samples may falsely elevate potassium and should be repeated before treatment decisions. Laboratory policy requires telephone notification of critical results within thirty minutes. The call must be documented with the name of the receiving clinician and the time of notification. Computed tomography of the chest is the preferred imaging test when pulmonary embolism is suspected. Contrast enhanced angiography can confirm the diagnosis but is contraindicated in severe renal impairment."
"D20","Clinical overview: critical laboratory results","Serum potassium above 6.0 mmol per litre is a critical value that requires immediate clinical review. Haemolysed samples may falsely elevate potassium and should be repeated before treatment decisions. Laboratory policy requires telephone notification of critical results within thirty minutes. The call must be documented with the name of the receiving clinician and the time of notification. Vancomycin is a glycopeptide antibiotic used for serious infections caused by methicillin resistant Staphylococcus aureus. Serum trough concentrations should be monitored to avoid nephrotoxicity during vancomycin treatment."
"D21","Imaging for suspected pulmonary embolism","Computed tomography of the chest is the preferred imaging test when pulmonary embolism is suspected. Contrast enhanced angiography can confirm the diagnosis but is contraindicated in severe renal impairment."
"D22","Cardiorespiratory and renal care: current evidence","Computed tomography of the chest is the preferred imaging test when pulmonary embolism is suspected. Contrast enhanced angiography can confirm the diagnosis but is contraindicated in severe renal impairment. Angiotensin receptor blockers slow the progression of proteinuric chronic kidney disease. Serum creatinine and potassium must be checked shortly after starting an angiotensin receptor blocker."
"D23","imaging and renal protection and PARP inhibitors: a combined review","Computed tomography of the chest is the preferred imaging test when pulmonary embolism is suspected. Contrast enhanced angiography can confirm the diagnosis but is contraindicated in severe renal impairment. Angiotensin receptor blockers slow the progression of proteinuric chronic kidney disease. Serum creatinine and potassium must be checked shortly after starting an angiotensin receptor blocker. Olaparib is a PARP inhibitor approved for ovarian cancer with germline BRCA1 or BRCA2 mutations. In a randomised trial olaparib maintenance prolonged progression free survival compared with placebo."
"D24","Clinical overview: imaging and renal protection","Computed tomography of the chest is the preferred imaging test when pulmonary embolism is suspected. Contrast enhanced angiography can confirm the diagnosis but is contraindicated in severe renal impairment. Angiotensin receptor blockers slow the progression of proteinuric chronic kidney disease. Serum creatinine and potassium must be checked shortly after starting an angiotensin receptor blocker. Serum potassium above 6.0 mmol per litre is a critical value that requires immediate clinical review. Haemolysed samples may falsely elevate potassium and should be repeated before treatment decisions."
