pos,token,dim_0,dim_1,dim_2,dim_3,dim_4,dim_5,dim_6,dim_7
0,The,0.053,-0.327,-0.744,-0.223,-0.934,0.209,-1.375,-0.038
1,patient,-0.233,-0.053,-0.180,-1.028,-0.419,-1.008,0.066,1.270
2,reported,1.192,0.728,-0.409,-0.830,-0.013,1.149,-1.065,-0.241
3,chest,0.674,-0.182,0.134,1.010,-0.022,0.449,-0.033,0.122
4,pain,-0.406,-0.314,-0.356,-0.471,-0.436,1.714,0.816,1.044
5,and,-0.091,-2.511,0.835,-0.054,-0.215,0.357,0.701,-1.435
6,shortness,-0.063,-1.475,-0.268,0.137,-0.615,0.086,-0.258,-0.925
7,of,1.387,-0.390,0.403,0.294,0.210,-1.132,0.059,0.775
8,breath,0.823,0.452,-0.671,-0.955,-0.187,-0.735,-0.123,-2.049
9,after,0.939,0.144,-0.632,-0.346,0.400,-1.370,0.902,0.115
10,exercise,-0.355,0.185,1.056,0.016,0.247,0.053,-0.407,-1.185
11,The,0.770,-1.019,-0.326,0.717,1.071,0.702,0.265,-1.501
12,electrocardiogram,0.178,-0.597,0.394,0.157,-0.341,1.053,0.950,1.024
13,showed,0.900,0.497,-0.288,0.221,-0.169,-0.122,0.038,-0.476
14,ST,-0.735,-0.191,-0.951,0.242,-0.192,0.429,0.146,-0.610
15,elevation,-0.472,1.427,-1.702,0.491,0.932,1.536,0.114,0.714
16,in,-0.181,0.577,0.155,-0.053,-0.577,-1.321,0.173,0.795
17,the,0.052,-0.182,1.360,0.710,0.566,-0.723,-0.009,0.733
18,anterior,0.466,-0.123,-1.718,-0.906,0.768,-0.084,0.098,-0.516
19,leads,1.317,0.476,0.232,-1.062,-0.273,-0.970,-0.920,-0.457
20,The,-0.419,0.173,-0.816,-0.460,0.438,-0.297,-0.954,-0.268
21,patient,-0.971,-0.365,0.120,1.556,0.239,1.112,0.594,0.022
22,was,-1.219,-0.607,-0.790,-0.100,-0.428,-1.424,-0.415,0.278
23,taken,-0.727,-0.045,0.160,-0.103,-1.527,0.873,-0.567,-1.825
24,to,-1.070,-0.016,-0.172,-0.202,0.332,1.539,0.012,0.333
25,the,-0.599,-0.282,-0.339,1.203,0.879,0.180,-0.835,1.357
26,catheterisation,0.211,0.510,-0.872,0.295,-1.185,-1.322,0.032,-1.579
27,laboratory,-1.420,-1.017,-0.768,0.325,-0.453,-0.143,-0.536,-0.356
28,within,-0.530,-1.456,-0.142,0.929,-0.260,0.259,-0.039,-1.063
29,one,0.940,-0.988,-0.477,-0.899,-0.004,-0.406,-0.475,1.211
30,hour,0.274,0.070,-0.718,-1.811,-0.068,-0.310,-0.183,0.899
31,The,0.014,-0.325,0.312,-0.619,-0.326,0.481,-0.612,0.743
32,patient,-0.214,-0.687,-0.622,0.285,0.416,-0.977,0.059,-0.224
33,recovered,-1.045,-0.381,1.528,1.256,0.158,0.479,0.155,0.654
34,well,1.220,0.397,-0.483,-0.576,0.924,-1.242,0.061,-0.786
35,after,-0.584,-1.480,0.457,0.212,-0.240,0.329,-0.399,0.599
36,coronary,1.895,-0.127,0.517,0.275,-1.378,0.478,1.011,0.851
37,stenting,0.069,0.525,-1.660,-0.853,0.277,-0.489,-0.142,0.458
38,and,0.323,-1.037,1.144,-0.025,-0.155,-0.038,-0.065,-0.242
39,was,-0.216,1.453,-1.428,-1.074,-0.202,0.521,0.211,-0.048
40,discharged,-0.878,-0.934,-1.240,-1.560,-0.487,0.613,-0.896,0.276
41,in,0.885,0.488,-0.469,-1.413,-0.226,0.236,0.543,-0.044
42,five,0.331,1.136,1.367,-0.937,-1.787,-0.180,-0.408,0.120
43,days,-2.063,0.605,0.481,0.332,-0.154,-0.774,1.021,-0.806
