mean_radius,mean_texture,mean_perimeter,mean_area,mean_smoothness,mean_compactness,mean_concavity,mean_concave_points,mean_symmetry,mean_fractal_dimension,radius_error,texture_error,perimeter_error,area_error,smoothness_error,compactness_error,concavity_error,concave_points_error,symmetry_error,fractal_dimension_error,worst_radius,worst_texture,worst_perimeter,worst_area,worst_smoothness,worst_compactness,worst_concavity,worst_concave_points,worst_symmetry,worst_fractal_dimension,malignant
0.1377,3228.8202,14.4771,10.5069,0.5987,0.0292,0.0004,4.7633,0.0265,0.0022,9.467,0.0566,2.8599,485.4689,0.6473,0.2585,0.0366,0.0004,0.5007,0.0014,1.319,13.1483,18238.7661,55412.7022,0.0024,1.1641,0.1246,0.001,16.957,0.0003,0
0.1134,4006.8529,11.9703,6.4052,0.698,0.0223,0.0003,3.2398,0.0296,0.0021,20.2153,0.1145,5.8347,709.639,0.8575,0.1664,0.0258,0.0004,0.7222,0.0011,1.078,20.55,13408.6627,37062.0228,0.0027,0.7395,0.0734,0.0008,20.0947,0.0003,0
0.115,4136.8947,12.3084,7.418,0.6244,0.047,0.001,6.6498,0.0314,0.0023,20.5089,0.128,5.5809,881.1802,0.9692,0.2992,0.0671,0.0005,0.6136,0.0026,1.1211,20.4775,15357.6567,49289.756,0.0029,1.6526,0.2446,0.0011,22.8726,0.0004,0
0.101,5919.4866,10.1111,4.6993,0.6475,0.0317,0.0009,4.5871,0.025,0.0025,12.2074,0.2953,3.4635,427.799,1.6168,0.4406,0.1239,0.0008,0.6132,0.0038,0.9152,32.7956,10863.853,24252.6169,0.003,1.2453,0.1738,0.001,15.7473,0.0004,0
0.1168,4671.462,12.0184,6.3279,0.7384,0.0395,0.0005,3.7093,0.027,0.0027,11.1845,0.111,2.8405,389.2459,0.6844,0.2735,0.0428,0.0003,0.4855,0.0021,1.1528,24.6839,15102.9483,38383.7549,0.0029,2.0454,0.2815,0.0009,25.1616,0.0003,0
0.0842,3587.8359,7.6853,3.8297,0.7773,0.0313,0.0,0.0,0.0317,0.0026,25.7802,0.2567,6.2819,760.7724,2.1148,0.327,0.0,0.0,0.6181,0.0052,0.8029,19.0916,10942.8593,23511.2915,0.0031,0.8271,0.0,0.0,17.7923,0.0004,0
0.0912,4008.9516,9.4725,4.249,0.7046,0.024,0.0004,2.4571,0.0235,0.0027,26.8533,0.1543,6.9859,905.3681,0.9381,0.1449,0.0586,0.0003,0.598,0.002,0.9395,20.4875,12367.2777,30356.8918,0.0027,0.7003,0.1039,0.0005,16.5508,0.0004,0
0.1548,5343.2943,17.2101,14.7939,0.7923,0.0688,0.0022,13.0701,0.0305,0.0027,29.7323,0.1485,6.9149,2072.1989,0.7171,0.9184,0.1029,0.0005,0.5127,0.0045,2.0491,30.2474,24975.5905,119105.1372,0.0033,4.8261,0.5608,0.0021,24.8997,0.0006,1
0.0903,4357.7293,8.4335,4.1332,0.8054,0.0622,0.0037,7.056,0.0335,0.0036,17.6311,0.1639,3.8898,487.8319,1.3728,1.3579,0.705,0.0016,1.4295,0.0074,0.8358,20.4005,10943.7991,23017.102,0.0034,2.8525,1.2009,0.0019,28.0715,0.0005,0
0.181,5103.0052,22.5889,23.5372,0.6951,0.0646,0.0036,22.3751,0.0286,0.0025,58.1128,0.1034,14.2149,3885.1251,0.6738,0.6458,0.2353,0.0009,0.7533,0.0035,2.102,24.3186,25521.4836,137492.2416,0.0026,2.1433,0.6284,0.0022,21.8475,0.0003,1
0.1311,5399.3537,13.6297,9.5632,0.9864,0.0698,0.0018,12.1242,0.0352,0.0028,25.5614,0.1902,6.2257,1129.6997,1.2933,0.6126,0.0868,0.0008,0.7714,0.0051,1.2988,31.2938,17994.1752,51513.8068,0.0038,2.6862,0.3111,0.0015,27.1518,0.0005,1
0.0725,2900.7922,8.6402,3.4191,0.811,0.0326,0.0003,2.5895,0.0257,0.0026,7.0111,0.0827,2.4692,208.8451,1.0854,0.2851,0.0425,0.0003,0.4788,0.0032,0.7729,16.6541,10786.1969,20372.0573,0.0035,1.3913,0.1635,0.001,21.8435,0.0005,0
0.1996,4946.6831,21.9357,19.7519,0.9093,0.084,0.003,27.1251,0.0393,0.0027,29.3066,0.1372,8.954,1792.3683,0.7567,0.3766,0.0739,0.0006,0.9464,0.0026,2.0553,27.6804,28788.3054,138006.0781,0.0037,2.9546,0.5087,0.003,38.3223,0.0004,1
0.1141,4013.6765,12.048,6.5187,0.669,0.0232,0.0004,3.8057,0.0307,0.0024,18.9296,0.1331,4.64,651.6135,1.0629,0.1445,0.0315,0.0004,0.9843,0.0018,1.1021,20.133,14788.7845,36941.9368,0.0026,0.5497,0.0854,0.0007,23.3429,0.0003,0
0.0982,4173.5033,10.2393,5.8944,0.7857,0.0376,0.0007,4.637,0.0247,0.0025,8.4943,0.2041,2.4958,297.0296,1.1717,0.4909,0.1156,0.0006,0.3773,0.0025,0.9749,23.7632,12663.9293,28733.5483,0.0026,1.5171,0.1998,0.0011,17.5458,0.0003,0
0.119,3664.261,11.7333,7.2582,0.6415,0.0307,0.0004,2.6055,0.0225,0.0024,11.1105,0.1558,3.6449,451.459,0.7009,0.2566,0.0335,0.0002,0.4883,0.0013,1.1957,24.5296,14216.8082,40027.9703,0.0024,1.6197,0.1477,0.0006,17.0475,0.0003,0
0.1333,4192.1931,15.2425,9.2696,0.6156,0.0976,0.0035,13.2417,0.0256,0.003,19.6283,0.2074,6.9434,820.2271,0.7493,1.2825,0.3395,0.001,0.804,0.0091,1.2847,21.3508,16617.6509,49602.3076,0.0018,2.811,0.629,0.0016,16.832,0.0005,0
0.1467,3043.1187,15.0304,8.8211,0.6324,0.0334,0.0005,4.2566,0.0258,0.0022,7.3984,0.0791,2.3617,327.6937,0.7037,0.4268,0.056,0.0004,0.5173,0.0036,1.1939,17.9713,15810.6504,45994.5319,0.0025,1.9409,0.2412,0.0012,24.1622,0.0004,0
0.1209,6675.6829,12.0916,8.1306,0.5969,0.0268,0.0008,3.7365,0.0254,0.0021,11.1626,0.1825,3.146,459.4356,1.2001,0.3709,0.1031,0.0003,0.491,0.0021,1.1523,32.1328,12828.0082,41983.3686,0.0026,1.108,0.2305,0.0008,17.4046,0.0003,0
0.1161,3073.261,10.0586,5.7197,1.0042,0.0454,0.001,9.4858,0.0318,0.0025,13.1022,0.126,4.1562,431.2535,0.8706,0.3056,0.0548,0.0006,0.7246,0.0029,1.0462,17.1999,14811.6255,33561.9353,0.0037,1.5934,0.2207,0.0014,24.2145,0.0004,0
0.1367,3299.6367,12.8512,8.4237,0.555,0.0221,0.0004,4.368,0.0216,0.0022,21.0361,0.1581,5.5508,999.623,0.5721,0.1695,0.0308,0.0005,0.3196,0.0011,1.3159,19.3134,18545.1299,57785.6872,0.0021,0.7514,0.1219,0.001,13.951,0.0003,0
0.2236,4174.3808,18.0055,18.3837,0.773,0.0533,0.0019,16.529,0.0261,0.0027,26.6497,0.1242,8.4937,1801.4322,0.7073,0.3626,0.0768,0.0006,0.3186,0.0025,1.9809,21.2121,26780.7317,113437.3472,0.0031,2.2591,0.3951,0.0019,19.2477,0.0004,1
0.1158,3018.5688,12.8782,7.5078,0.6056,0.057,0.0019,6.6758,0.0244,0.0026,11.0531,0.061,4.9975,429.866,0.7547,0.8586,0.207,0.0007,0.4282,0.0055,1.2414,15.3017,16091.645,43327.8054,0.0029,4.1187,0.7167,0.0017,18.9011,0.0005,0
0.1398,4995.7252,13.1343,10.0555,0.6959,0.0446,0.0015,8.89,0.0295,0.0021,20.8516,0.3167,7.696,1170.3477,1.2675,0.5367,0.1295,0.0008,0.7328,0.0023,1.3138,24.665,17929.7352,54122.9358,0.0027,1.3812,0.2936,0.0014,22.3249,0.0003,1
0.1294,4636.5421,11.6389,7.8937,0.5476,0.0407,0.0008,3.3191,0.0243,0.0025,26.7959,0.2451,5.2437,1223.3521,0.7956,0.7127,0.1138,0.0006,0.8885,0.0054,1.306,23.1391,14820.6998,46828.0136,0.0019,1.3756,0.1772,0.0005,16.52,0.0003,0
0.1331,4496.8311,13.426,8.9557,0.8212,0.0607,0.0018,14.2346,0.0307,0.0031,20.7337,0.1253,6.6429,1015.8209,0.7711,0.3903,0.0825,0.0007,0.5724,0.0032,1.4373,26.2838,20464.4675,56456.6354,0.0033,2.6188,0.4799,0.0023,26.2563,0.0005,1
0.0816,3446.7649,7.2544,3.986,0.6447,0.0336,0.0006,4.2125,0.0302,0.0026,28.8131,0.1692,9.5707,870.2023,1.545,0.4464,0.0799,0.0007,0.8391,0.003,0.815,14.8123,11108.9709,20816.1405,0.0021,0.8809,0.0943,0.0005,16.76,0.0003,0
0.1041,5051.2415,9.415,5.7913,0.766,0.028,0.0001,1.8714,0.0233,0.0024,15.6627,0.2218,3.812,524.0892,0.9903,0.149,0.0181,0.0003,0.8788,0.0015,1.0068,24.647,12198.7741,31638.734,0.0026,0.7424,0.0362,0.0005,21.2024,0.0003,0
0.1449,3193.5628,12.7148,10.4494,0.7052,0.035,0.001,7.4594,0.026,0.0022,22.8872,0.0867,4.9428,965.9715,0.6602,0.2994,0.0756,0.0004,0.5025,0.0016,1.343,15.4401,17384.1768,56284.4495,0.0027,1.3375,0.2319,0.001,19.7979,0.0003,0
0.1529,4281.4373,16.3357,11.6211,0.7204,0.0562,0.0013,11.4434,0.0317,0.0025,25.5171,0.1327,7.6668,1462.4626,0.7531,0.6961,0.068,0.0006,0.6345,0.003,1.8187,22.623,21012.0716,94325.9885,0.0031,3.4826,0.3581,0.0021,27.6045,0.0005,1
0.1595,4259.9876,16.294,16.7764,0.8042,0.0442,0.002,19.1746,0.0262,0.0025,49.1227,0.2907,13.1871,2304.232,0.8469,0.2897,0.1055,0.0008,0.6154,0.0026,1.7505,29.0779,23874.1034,97439.8808,0.0031,1.3537,0.3384,0.002,19.559,0.0003,1
0.1373,3411.191,13.8364,9.1985,0.7039,0.0271,0.0006,6.5303,0.0242,0.0024,16.9214,0.0925,4.455,734.3395,0.9132,0.2097,0.0387,0.0005,0.6069,0.0013,1.2416,17.4571,15342.9075,49809.6521,0.0029,0.854,0.1485,0.001,18.859,0.0003,0
0.1107,4269.1466,9.8159,6.0175,0.8404,0.0319,0.0006,4.3685,0.0277,0.0026,13.1425,0.1308,3.2255,506.3495,1.1257,0.2559,0.0502,0.0005,0.7155,0.0008,1.0383,21.0461,12763.1071,30594.088,0.0034,1.0994,0.1505,0.0009,23.3209,0.0003,0
0.1567,4069.6665,18.0276,15.9402,0.7531,0.0445,0.0015,16.3705,0.0315,0.0024,36.8113,0.1869,10.445,2217.6786,0.7958,0.2477,0.0679,0.0007,0.8191,0.0027,1.79,24.5949,24647.0993,112490.339,0.0029,1.4573,0.2835,0.0019,27.4061,0.0004,1
0.138,3299.7598,13.6786,10.4426,0.6345,0.0392,0.0007,5.8613,0.0254,0.0023,13.5794,0.0558,4.061,622.1098,0.4126,0.2677,0.0558,0.0004,0.3453,0.0018,1.4341,15.8442,18191.2557,63023.8747,0.0021,1.8211,0.2883,0.0013,17.4448,0.0004,0
0.1176,5887.5646,12.0976,7.3517,0.7249,0.0378,0.0007,7.6867,0.0279,0.0028,13.5319,0.1621,4.1463,595.2771,1.1326,0.3027,0.0563,0.0008,0.6813,0.0029,1.0496,28.4062,13955.8436,34184.0527,0.0026,1.1559,0.143,0.0013,18.042,0.0003,0
0.1274,3866.0995,11.2314,7.9522,0.6387,0.0377,0.0007,5.2864,0.0272,0.0025,11.7383,0.0909,3.4265,496.4586,0.6919,0.245,0.0344,0.0003,0.6374,0.0014,1.2054,19.7515,16957.2882,47226.4255,0.0028,1.5706,0.1766,0.0011,25.4776,0.0003,0
0.0832,3243.2135,8.4354,3.983,0.5301,0.0127,0.0,0.5818,0.0294,0.0029,8.5539,0.1735,2.4537,265.0328,1.0239,0.0699,0.009,0.0002,0.8781,0.0017,0.8469,16.8362,9720.5862,20477.2905,0.002,0.3259,0.0129,0.0001,21.6779,0.0003,0
0.1013,3381.1541,9.8898,4.7265,0.8324,0.0727,0.0054,13.3414,0.04,0.0038,47.0,0.3468,8.6154,1368.9176,1.5013,1.5968,0.9861,0.0023,1.0805,0.0227,0.9455,16.5367,11775.9352,26234.7388,0.0025,2.0259,0.7139,0.0017,22.544,0.0005,0
0.0873,4171.5824,9.4251,4.6902,0.7385,0.0419,0.0008,5.4916,0.027,0.0025,10.0959,0.1615,3.3015,311.6976,1.1621,0.3735,0.0741,0.0005,0.4836,0.0027,0.9515,24.0969,12639.8951,26252.628,0.0034,1.5701,0.224,0.001,18.6564,0.0004,0
0.1201,5530.2586,11.3096,7.3365,0.6132,0.0233,0.0002,2.3229,0.0286,0.0024,14.1786,0.2532,4.2647,535.536,0.9291,0.3916,0.0381,0.0003,1.017,0.0018,0.9905,28.2481,12927.6193,32780.9236,0.0021,0.9253,0.0709,0.0005,23.6604,0.0003,0
0.1153,4351.9546,11.9482,7.2905,0.6284,0.0249,0.0001,1.4665,0.023,0.0026,12.6664,0.149,3.2185,503.1638,0.9133,0.1822,0.0141,0.0003,0.6284,0.0021,1.2019,22.1252,14468.4374,40867.224,0.0028,0.9453,0.0434,0.0006,21.9906,0.0003,0
0.1272,2562.1242,12.725,8.3804,0.5419,0.0149,0.0003,2.1694,0.0197,0.0023,9.0949,0.0632,2.2679,337.8755,0.5978,0.2196,0.0419,0.0003,0.497,0.0015,1.1491,14.1899,14260.5527,41557.7392,0.0019,0.8314,0.1115,0.0006,15.0445,0.0003,0
0.1041,2724.4929,11.3276,6.2696,0.776,0.0207,0.0002,3.0704,0.0243,0.0024,12.1354,0.1056,2.9129,465.8337,1.2755,0.1396,0.0287,0.0003,0.8098,0.0011,0.9732,13.9657,12671.0725,32907.1929,0.0027,0.5687,0.0652,0.0006,19.1395,0.0003,0
0.1398,3929.002,12.3255,8.1335,0.6111,0.0156,0.0,0.7027,0.0276,0.0022,19.8837,0.161,5.1302,946.1709,1.0208,0.1381,0.0016,0.0002,0.6398,0.0021,1.3253,19.3247,14917.6894,42419.901,0.0021,0.4184,0.0016,0.0001,18.5687,0.0003,0
0.1134,2521.4971,11.8124,7.2453,0.6124,0.024,0.0003,3.0992,0.0236,0.0023,13.3997,0.1451,3.2449,526.6805,0.8617,0.2154,0.0352,0.0003,0.3409,0.0014,1.1652,17.6259,14101.8429,40963.6856,0.003,1.078,0.1397,0.0007,17.636,0.0003,0
0.1361,4630.7279,12.5517,8.4712,0.6683,0.0479,0.0014,5.8894,0.0237,0.0022,15.8057,0.1067,5.2138,772.0332,0.9435,0.5206,0.1151,0.0006,0.4675,0.0025,1.209,21.328,18091.5459,49093.7518,0.0029,2.4242,0.4256,0.0013,18.8897,0.0003,0
0.1377,3309.2377,13.021,9.5521,0.7436,0.0314,0.0006,6.2459,0.0309,0.0024,13.7356,0.1275,4.1184,534.6116,0.5915,0.2532,0.036,0.0005,0.4846,0.0011,1.258,18.6822,16413.6362,43187.7538,0.0024,1.1667,0.1354,0.0011,21.141,0.0003,0
0.1729,5164.7339,16.9749,15.4013,0.7278,0.0539,0.0012,12.5037,0.0305,0.0022,43.5152,0.2377,12.6157,2502.0333,0.901,1.0282,0.1127,0.001,0.8556,0.0044,1.6023,23.1278,21399.5618,95130.5721,0.0025,1.9173,0.2147,0.0016,23.0524,0.0003,1
0.0934,3228.9865,9.3843,4.6816,0.7959,0.0311,0.0001,2.3496,0.0448,0.0028,29.0031,0.2101,7.0437,966.325,1.0087,0.1753,0.0184,0.0003,1.1532,0.0041,0.8833,15.4828,10975.9834,26156.8846,0.0029,0.6977,0.0183,0.0003,23.5868,0.0003,0
0.1212,4049.0513,11.5291,7.6361,0.6409,0.0318,0.0005,3.4883,0.0266,0.0024,13.5372,0.0961,3.9974,538.8057,0.8419,0.2296,0.0494,0.0003,0.5687,0.0015,1.1768,20.4075,16152.671,43530.4075,0.0031,1.582,0.2038,0.0009,22.0495,0.0003,0
0.1082,3302.4634,10.8838,6.4233,0.6245,0.0199,0.0004,1.2345,0.0245,0.0026,9.3284,0.0927,2.6284,388.4056,0.6302,0.2335,0.0433,0.0002,0.3872,0.0025,1.057,18.1742,12936.0934,33913.0084,0.0022,1.2226,0.1994,0.0006,18.9482,0.0004,0
0.2819,3693.5105,27.4783,37.0577,0.9309,0.0631,0.0039,26.9014,0.0275,0.0022,150.2695,0.1942,48.0287,14835.6369,1.703,0.5154,0.1439,0.0006,1.3536,0.0031,2.291,17.5361,31657.0109,170134.6198,0.0024,1.0101,0.2934,0.0017,11.5806,0.0002,1
0.1008,4426.9656,9.6163,4.0971,0.5492,0.0105,0.0,0.0,0.0263,0.0027,18.8523,0.6859,4.6922,623.3841,0.2443,0.0998,0.0,0.0,1.2177,0.0011,0.8007,18.6398,9605.7905,20203.3831,0.0016,0.1943,0.0,0.0,13.3253,0.0003,0
0.1346,4950.5938,11.8734,8.5331,0.6092,0.0359,0.0005,3.491,0.0239,0.0025,18.2384,0.2689,6.0828,827.7376,0.7298,0.3946,0.0815,0.0005,0.6125,0.0021,1.2975,25.3399,15707.8568,42885.1613,0.0021,1.1346,0.1281,0.0007,17.7286,0.0003,0
0.1162,3223.5025,11.4981,7.208,0.863,0.038,0.0005,4.744,0.0226,0.0029,15.177,0.0649,3.3288,503.5694,1.0387,0.1668,0.04,0.0004,0.5874,0.0017,1.1565,13.8151,13980.4337,37331.31,0.0032,1.0255,0.1463,0.0008,22.2951,0.0003,0
0.1036,3955.8737,8.8716,4.7363,0.7024,0.0229,0.0001,1.4063,0.0204,0.0029,18.3724,0.2689,4.4231,570.3514,1.5051,0.2425,0.0142,0.0002,0.5527,0.0041,0.8431,22.9176,10564.5896,23899.9411,0.0029,0.575,0.0194,0.0003,14.7261,0.0004,0
0.1522,4169.1204,16.3184,12.6348,0.8425,0.0784,0.0027,14.7224,0.0278,0.0023,16.5512,0.1187,5.4466,840.5946,0.654,0.5554,0.0873,0.0005,0.4932,0.003,1.4585,22.515,21305.9461,69623.0457,0.0027,3.4057,0.4558,0.0018,18.8915,0.0004,1
0.1302,3040.6593,12.5841,10.0582,0.7617,0.0336,0.0007,8.3639,0.0314,0.0021,27.3705,0.0995,7.5917,1409.2503,0.9766,0.2491,0.0487,0.0006,0.6843,0.001,1.3156,14.9218,17096.4347,64490.0973,0.0029,1.0451,0.1492,0.0012,20.2246,0.0003,0
0.1048,3568.3469,9.708,4.9835,0.6192,0.0357,0.0006,4.2292,0.0238,0.0026,6.1329,0.1393,2.2291,201.4537,1.3026,0.5139,0.064,0.0005,0.7778,0.0047,0.8631,20.9162,10790.9291,25133.6205,0.0032,1.3214,0.1741,0.0008,20.788,0.0004,0
0.1445,4551.3751,13.4869,9.2104,0.9314,0.0712,0.0012,10.2594,0.0306,0.0029,30.5246,0.1906,7.4509,1379.1912,1.2343,0.4875,0.058,0.0007,0.4503,0.0039,1.3759,21.9107,17891.1076,61119.7722,0.0036,2.3797,0.2422,0.0018,25.8511,0.0005,1
0.1287,4144.7554,14.5718,11.6034,0.8053,0.0659,0.0021,15.6012,0.0273,0.0024,25.6423,0.1308,8.0793,1405.4162,1.3217,0.5546,0.1139,0.0008,0.482,0.0026,1.3945,21.5696,20529.0514,73546.0252,0.0033,2.7355,0.4768,0.0023,20.9972,0.0004,1
0.1725,4701.1764,17.9317,15.2397,0.8283,0.0652,0.0026,17.9928,0.0313,0.0024,45.4177,0.1981,11.9635,2607.5919,1.2978,0.7912,0.1201,0.0008,0.548,0.0035,1.6985,22.4189,21816.3189,93233.1893,0.003,2.087,0.3351,0.0017,18.3393,0.0003,1
0.1257,2750.5872,13.2707,8.6875,0.829,0.0457,0.0007,9.3005,0.0289,0.0029,7.8576,0.0708,2.3077,356.2386,0.6058,0.2351,0.0346,0.0004,0.486,0.0021,1.4166,17.2084,15737.4823,47349.547,0.0033,1.7816,0.1882,0.0014,22.9292,0.0004,0
0.143,5021.7455,13.7545,9.9265,1.0024,0.0754,0.0021,16.2683,0.0355,0.0031,31.9022,0.2426,8.0206,1456.05,1.235,0.5032,0.0769,0.0006,0.6649,0.0033,1.5718,37.109,20845.2026,78423.3803,0.0051,3.5704,0.3968,0.0021,34.1456,0.0005,1
0.1199,3922.2748,12.069,7.2829,0.7736,0.0532,0.0008,4.6061,0.028,0.0026,14.7388,0.124,4.2705,501.2732,0.8887,0.6206,0.114,0.0005,0.5669,0.0054,1.2255,19.5581,16191.1537,43596.651,0.0031,2.5163,0.2993,0.001,20.622,0.0005,0
0.0919,3640.2008,9.829,5.039,0.8467,0.03,0.0003,3.0931,0.0295,0.0026,13.9696,0.2546,3.9,506.3887,1.0775,0.2359,0.0376,0.0003,0.6188,0.0021,0.9386,22.1436,11311.1132,27424.7383,0.003,0.853,0.0944,0.0007,21.7327,0.0003,0
0.1176,4457.0448,12.9354,8.0172,0.7917,0.0477,0.0009,4.7196,0.0292,0.0026,14.4753,0.0712,5.1891,567.3503,0.8531,0.5028,0.1084,0.0005,0.8317,0.0036,1.2017,19.2562,15587.4221,42846.3396,0.0027,2.3442,0.3226,0.0011,25.6495,0.0004,0
0.1454,3242.2222,15.6512,12.335,0.6668,0.0398,0.0009,9.6366,0.0259,0.0021,15.0706,0.1058,3.932,783.9872,0.7645,0.251,0.0416,0.0006,0.5052,0.0017,1.6719,16.9815,18838.4295,65343.9063,0.0023,1.2742,0.1645,0.0014,18.9696,0.0003,0
0.1356,3506.7833,14.5768,11.0873,0.6381,0.029,0.0004,4.8601,0.0236,0.0023,16.0774,0.0858,3.2245,662.4156,0.7536,0.2561,0.036,0.0004,0.4997,0.0016,1.4181,18.2637,16519.2141,53067.1549,0.0026,1.0952,0.1122,0.0008,18.8605,0.0003,0
0.0904,2746.4024,9.393,4.3994,0.6826,0.0172,0.0,0.0,0.0291,0.0025,11.1346,0.0719,2.5493,325.8002,0.8772,0.0981,0.0,0.0,0.7238,0.0024,0.8865,12.4517,11484.5449,22977.9504,0.0026,0.4428,0.0,0.0,23.0975,0.0003,0
0.131,4331.2268,12.4554,7.9181,0.8518,0.0302,0.0004,4.4497,0.0404,0.0026,21.1026,0.1795,5.7282,1037.5131,0.9798,0.1833,0.0459,0.0005,0.9086,0.0011,1.1258,21.3776,14130.4752,46577.2296,0.0028,0.7318,0.0685,0.0006,24.4785,0.0003,0
0.111,2975.3294,11.9763,7.7831,0.7008,0.0208,0.0003,3.7209,0.024,0.0021,19.9632,0.1208,5.3602,867.9156,1.0621,0.1476,0.0322,0.0005,1.0328,0.0011,1.1852,14.4675,14181.8669,37278.6687,0.0024,0.4478,0.0423,0.0005,16.1384,0.0003,0
0.1372,3979.3667,13.6465,8.8409,0.5686,0.0262,0.0004,2.1449,0.023,0.0022,13.3108,0.099,3.5028,589.3329,0.3646,0.2883,0.0397,0.0003,0.4434,0.0015,1.3215,20.4867,17307.1234,51679.5454,0.002,1.231,0.1411,0.0006,15.891,0.0003,0
0.0884,4956.6996,9.9622,5.3468,0.8443,0.0304,0.0003,3.0074,0.0234,0.0025,15.6047,0.1542,4.9661,588.5763,1.4578,0.2296,0.0424,0.0006,1.06,0.0015,0.9108,21.2457,11678.1858,27304.2461,0.0025,0.5728,0.0354,0.0003,15.0089,0.0003,0
0.2136,6296.583,22.8225,29.4582,0.8681,0.0951,0.0045,28.6976,0.0345,0.0023,27.8053,0.2077,10.427,2285.6359,1.2472,0.9287,0.2263,0.0011,0.6572,0.0038,2.0839,27.4798,30308.0632,141543.873,0.0031,2.7173,0.7149,0.0032,24.8791,0.0004,1
0.1243,3008.4305,12.2128,7.9375,0.853,0.0361,0.0005,6.1147,0.0238,0.0028,11.8393,0.1386,3.3925,434.1911,0.8213,0.3251,0.044,0.0005,0.3632,0.0022,1.0946,19.0651,15802.2579,43570.8549,0.0033,1.6087,0.1647,0.0012,16.207,0.0004,0
0.1225,4329.5508,13.3327,7.3955,0.78,0.0325,0.0003,2.9397,0.0274,0.0023,12.5156,0.1714,3.1622,495.9424,0.7003,0.2487,0.0357,0.0004,0.606,0.0016,1.064,24.5876,15876.4648,41701.949,0.0027,1.2807,0.1132,0.0008,18.5002,0.0003,0
0.1223,3844.2553,12.1891,6.7307,0.6215,0.0289,0.0005,3.8414,0.0281,0.0025,12.9771,0.1355,3.3324,485.6473,0.7408,0.2547,0.0503,0.0004,0.6022,0.0018,1.2011,24.6516,14396.0893,38979.6417,0.0026,1.1658,0.1789,0.0009,22.5673,0.0003,0
0.1176,3087.5472,10.8081,6.5997,0.6441,0.0314,0.0006,5.866,0.0244,0.0028,12.6529,0.0731,2.8977,442.0525,0.9095,0.2,0.0405,0.0003,0.4976,0.0019,1.1349,16.1154,13872.3723,37412.8226,0.003,1.2499,0.1822,0.0009,19.6223,0.0004,0
0.1086,3046.9394,10.3035,6.1693,0.7714,0.039,0.0007,5.6549,0.0256,0.0026,8.3586,0.1017,2.9394,313.0263,1.1079,0.3111,0.0701,0.0005,0.7551,0.0023,1.0138,17.9078,14482.4041,28629.5882,0.0031,1.5051,0.2076,0.0012,22.364,0.0004,0
0.0995,4531.247,10.7718,5.9269,0.7452,0.0444,0.0008,4.2812,0.0302,0.0028,25.0708,0.1632,7.6304,754.559,0.9941,0.5635,0.0835,0.0006,1.2292,0.0025,0.9338,22.188,13417.9474,31351.7813,0.0024,1.7477,0.179,0.0009,22.8644,0.0003,0
0.1027,3385.8864,11.8748,6.2882,0.6642,0.0187,0.0,0.5202,0.0255,0.0022,10.8443,0.1349,3.3153,413.0577,0.7734,0.1211,0.0027,0.0002,0.5022,0.0014,1.103,20.3089,13863.188,34292.933,0.0025,0.6392,0.005,0.0002,20.3514,0.0003,0
0.0833,3207.3002,8.7411,4.0401,0.7066,0.0637,0.0011,5.1929,0.0299,0.0035,27.8478,0.1044,7.7033,722.0014,2.4063,1.4214,0.1397,0.0008,0.8187,0.0162,0.8558,13.5331,9603.2419,19198.7062,0.0026,1.7852,0.1391,0.0005,16.7917,0.0005,0
0.138,3470.4129,14.2452,11.02,0.7139,0.0545,0.0009,9.4485,0.0262,0.003,19.812,0.1154,4.2771,1012.4799,0.632,0.2885,0.0471,0.0005,0.3199,0.0022,1.5362,16.2836,18363.4586,61033.2053,0.0023,1.4299,0.1638,0.0011,15.2846,0.0003,0
0.1472,3551.4676,15.4429,10.8078,0.6796,0.0443,0.0008,6.1005,0.0258,0.0024,11.8895,0.0651,4.8527,577.519,0.5729,0.4977,0.0969,0.0005,0.4323,0.0024,1.4426,16.942,18180.085,55563.1102,0.0025,2.3098,0.2999,0.0014,21.6265,0.0004,0
0.1267,3605.4051,13.6382,9.6094,0.5098,0.0109,0.0001,1.0242,0.0227,0.0022,6.9419,0.0885,1.9728,313.6435,0.5106,0.0591,0.0124,0.0002,0.4562,0.001,1.2348,18.4089,16188.5182,45985.9399,0.0019,0.3388,0.0344,0.0004,17.5559,0.0003,0
0.1261,3902.2334,13.3161,8.6774,0.5844,0.0172,0.0003,2.1626,0.0226,0.002,12.8068,0.1613,3.3435,625.8108,0.537,0.0854,0.0255,0.0002,0.4538,0.0008,1.2614,21.0281,15443.6447,48980.4367,0.0022,0.5598,0.0992,0.0005,17.8887,0.0003,0
0.0819,2966.009,7.8176,3.6183,0.6365,0.0184,0.0,0.0,0.0282,0.003,11.8963,0.1004,3.2109,312.7718,1.2479,0.119,0.0,0.0,0.8394,0.0026,0.8102,14.8432,8985.9826,18609.9901,0.0026,0.436,0.0,0.0,19.8039,0.0003,0
0.1159,4335.9063,10.6746,6.0814,0.605,0.0525,0.0011,9.5473,0.0415,0.0026,25.1743,0.2337,6.2596,973.6434,2.1768,1.3996,0.201,0.0017,1.1216,0.0046,0.9995,21.2138,11965.0448,29943.6394,0.0023,1.3638,0.1406,0.001,22.8832,0.0003,0
0.1274,4395.9835,11.9421,8.985,0.7885,0.0512,0.0013,9.0347,0.031,0.0026,15.4523,0.1977,5.435,584.5848,1.1348,0.6401,0.1272,0.0009,0.9349,0.0044,1.1441,22.4088,12566.5742,43025.3065,0.0029,1.7229,0.2338,0.0014,21.5519,0.0004,0
0.1974,4652.374,20.7338,21.2698,0.6839,0.055,0.0017,14.7797,0.031,0.0022,50.8693,0.1639,13.1885,3466.5918,0.9151,0.5196,0.0839,0.0007,0.5653,0.0031,2.1705,25.6326,26980.9307,138524.848,0.0027,1.9383,0.3385,0.002,20.4303,0.0003,1
0.1133,4713.4119,12.0457,7.0531,0.7983,0.0325,0.0004,3.7326,0.0253,0.0028,16.7451,0.1269,4.1787,740.597,1.0157,0.387,0.0463,0.0004,0.4064,0.003,1.1506,24.0261,14426.9833,40037.9805,0.0031,1.6103,0.1367,0.0009,18.7781,0.0004,0
0.122,3297.0978,12.9123,7.25,0.7952,0.0651,0.002,8.6178,0.0304,0.0028,21.5264,0.1512,10.3965,839.1531,0.9133,1.0893,0.2802,0.0012,1.0274,0.0071,1.2787,17.2566,18014.5393,42632.211,0.0027,2.9887,0.4376,0.0014,22.4794,0.0004,0
0.1102,3080.2974,11.9591,7.0906,0.6281,0.0127,0.0001,0.8483,0.0247,0.0024,10.9675,0.0831,3.1757,455.1313,0.7365,0.0886,0.0289,0.0002,0.6024,0.0008,1.0561,14.5696,13127.5276,35110.6418,0.0021,0.3644,0.0339,0.0002,17.076,0.0002,0
0.0731,5790.729,6.5417,3.0056,0.6216,0.0191,0.0,0.0,0.0284,0.003,18.9857,0.1813,5.094,522.863,1.5538,0.1563,0.0,0.0,0.8761,0.0054,0.8037,28.9979,10245.1727,17117.7671,0.0028,0.5095,0.0,0.0,20.7616,0.0004,0
0.0913,3554.8726,9.0521,5.3122,0.7728,0.0495,0.0008,7.1291,0.0261,0.0026,18.844,0.204,3.3319,675.8638,1.5419,0.7193,0.0994,0.0007,0.7754,0.0058,0.8848,16.465,11950.8648,27230.4055,0.003,1.4342,0.1742,0.0011,17.2401,0.0004,0
0.1298,4617.1157,12.5718,7.8848,0.6624,0.0322,0.0002,3.3523,0.026,0.0026,19.5619,0.1066,5.7534,699.9477,0.81,0.2075,0.0176,0.0003,0.738,0.0017,1.1763,21.9833,15165.078,43869.3274,0.0025,1.138,0.0667,0.0007,23.6985,0.0003,0
0.1212,5442.5309,12.6981,8.8388,0.6629,0.021,0.0002,3.1099,0.0237,0.0019,14.6668,0.1656,3.519,593.2681,0.8304,0.1577,0.0138,0.0003,0.3623,0.0011,1.2318,26.0773,15987.3185,44918.4051,0.0027,0.7184,0.0369,0.0007,15.6184,0.0003,0
0.1405,4199.7107,13.0405,8.2508,0.8278,0.0465,0.0017,12.6704,0.0325,0.0029,16.4033,0.1151,4.0341,702.6934,0.8597,0.3733,0.0752,0.0006,0.5201,0.0025,1.2314,22.929,15515.9666,48851.5104,0.004,2.7652,0.4645,0.0022,26.8855,0.0005,1
0.1036,2860.7545,9.9611,5.6602,0.5367,0.0157,0.0,1.1141,0.021,0.0023,14.8721,0.1036,4.0164,540.945,0.8568,0.1046,0.0045,0.0002,0.4979,0.0019,0.9982,16.2458,11693.9709,29610.7812,0.0023,0.5274,0.0187,0.0004,19.878,0.0003,0
0.1353,3859.3217,12.1209,7.9163,0.5318,0.0262,0.0006,4.5561,0.0243,0.0023,11.0849,0.1019,2.6468,517.6882,0.7963,0.2391,0.0361,0.0004,0.3377,0.0013,1.3131,21.6644,15608.7462,49547.0683,0.0029,1.2747,0.1792,0.0011,14.2762,0.0003,0
0.1274,3322.6889,13.6786,8.5921,0.5099,0.0202,0.0002,1.5126,0.0217,0.0022,13.6395,0.084,3.8618,625.8308,0.4836,0.2333,0.0443,0.0003,0.4991,0.0016,1.2181,18.1643,17785.6889,55479.6687,0.0018,0.9006,0.0903,0.0005,18.5419,0.0003,0
0.1836,4925.1683,17.5564,19.3591,0.7798,0.0544,0.0023,18.662,0.0296,0.0022,33.4926,0.3728,11.2969,2101.8886,1.5625,0.7032,0.1891,0.0015,0.8481,0.0045,1.7343,26.6851,24840.5152,98633.0065,0.0027,1.5318,0.3494,0.0019,19.4108,0.0003,1
0.1217,3667.2765,12.1084,6.3905,0.8263,0.0519,0.0002,3.1659,0.0373,0.0027,18.4513,0.1357,5.645,726.3386,0.8166,0.3929,0.0196,0.0005,0.8709,0.0026,1.1078,15.1004,13273.0162,33191.5695,0.0026,1.267,0.0272,0.0005,23.7871,0.0003,0
0.1181,4031.8692,12.2652,7.5182,0.5715,0.0436,0.0009,5.3062,0.0259,0.0025,20.4701,0.1354,5.5009,806.9901,0.9363,0.6117,0.1196,0.0006,0.9241,0.0034,1.0519,19.7482,13755.6865,41436.377,0.0022,1.3608,0.1811,0.0008,19.5175,0.0003,0
0.1219,3821.7021,11.9228,6.961,0.7028,0.0266,0.0003,2.9845,0.0277,0.0022,18.7557,0.142,4.7718,751.1313,0.7421,0.3286,0.0475,0.0003,0.4674,0.0024,1.2087,23.2233,13399.3414,36515.8002,0.0026,1.2056,0.1349,0.0006,19.8253,0.0004,0
0.1756,4229.9315,19.3991,17.9144,0.7122,0.049,0.0017,15.0128,0.0262,0.0023,21.0148,0.0776,5.8296,1322.8054,0.6184,0.2781,0.0602,0.0005,0.4118,0.0018,1.9052,20.848,24725.3459,99997.9365,0.0031,1.9607,0.3655,0.0021,19.6518,0.0004,1
0.121,4619.1524,13.1174,9.0507,0.6954,0.0259,0.0004,3.9228,0.0271,0.0023,13.9406,0.1987,4.0869,589.9208,0.7187,0.3371,0.0448,0.0003,0.6107,0.0014,1.1355,26.7773,14852.9086,42302.5912,0.0025,1.1115,0.1199,0.0006,21.972,0.0003,0
0.1641,4440.8187,16.184,13.519,0.706,0.0755,0.0021,15.9247,0.0284,0.0026,15.4104,0.1871,5.4993,882.9343,0.8215,0.6533,0.1366,0.0009,0.5386,0.0037,1.6497,26.6903,21222.355,68396.8035,0.0032,3.1784,0.5089,0.0024,22.7993,0.0004,1
0.1113,2469.0018,11.2712,6.5666,0.5931,0.025,0.0002,1.4648,0.0289,0.0026,6.7687,0.0476,2.4855,271.0052,0.5872,0.2179,0.0264,0.0002,0.6329,0.0014,1.1007,11.081,13254.7733,33742.6898,0.0024,1.0334,0.0732,0.0005,22.9578,0.0003,0
0.1196,4161.5345,11.9152,7.6672,0.6423,0.0296,0.0004,4.6665,0.0278,0.0022,17.7054,0.2304,4.0921,709.2814,0.7784,0.3896,0.0539,0.0005,0.8269,0.0017,1.1097,26.0358,13473.9978,44015.1722,0.0028,1.1723,0.1293,0.001,25.1086,0.0003,0
0.0964,3335.0249,10.3582,5.6412,0.7745,0.0458,0.0007,2.7602,0.0273,0.0028,8.6467,0.0747,2.7904,280.6763,0.6434,0.5372,0.0686,0.0003,0.3766,0.0031,0.9602,16.8189,13326.4775,31308.5122,0.0029,2.5125,0.3141,0.0009,19.0395,0.0005,0
0.1109,3412.7758,10.6876,6.6485,0.7621,0.0359,0.0007,3.305,0.0289,0.0025,10.5331,0.1638,3.3095,406.4394,0.6833,0.3607,0.0969,0.0004,0.5559,0.0026,1.0085,18.033,13786.0413,33407.7982,0.0027,1.1797,0.2468,0.0008,21.8369,0.0004,0
0.1469,4175.8897,16.0487,12.5986,0.8531,0.0699,0.0024,16.2199,0.0314,0.0026,35.7133,0.1896,10.198,1779.6757,1.0353,0.5037,0.1273,0.0007,0.5542,0.0031,1.5201,23.5616,21685.7127,103414.8154,0.0037,2.5107,0.496,0.0025,25.5704,0.0004,1
0.1688,3659.8963,19.617,17.3675,0.7428,0.0968,0.0021,19.1764,0.0347,0.0028,54.9716,0.0802,13.254,3581.1709,1.1317,0.9064,0.1082,0.0009,0.8078,0.0052,1.8451,17.4938,24061.0071,113721.3266,0.003,3.772,0.335,0.0022,26.377,0.0005,1
0.0901,3203.4973,9.1636,4.1668,0.5776,0.0197,0.0002,2.9763,0.0246,0.0027,11.4183,0.1115,2.5621,364.692,1.5578,0.1716,0.0289,0.0004,0.699,0.0025,0.885,16.1911,11959.8111,22553.5975,0.003,0.6534,0.0689,0.0008,20.4883,0.0004,0
0.1263,3502.4099,12.93,8.1952,0.844,0.0478,0.0005,5.1679,0.0313,0.0026,21.2105,0.1231,5.8457,758.3158,1.0607,0.2323,0.0448,0.0004,0.5713,0.0027,1.1576,19.9573,14145.5332,44868.7854,0.0033,1.3528,0.1383,0.0008,21.3105,0.0004,0
0.1029,4879.8933,9.2334,4.7927,0.6139,0.0159,0.0,0.933,0.0266,0.0028,10.0467,0.1861,2.6165,321.3353,0.7964,0.0925,0.0051,0.0002,0.4578,0.0018,0.9821,26.1649,11623.33,26901.27,0.0024,0.4419,0.0118,0.0003,17.2024,0.0003,0
0.0937,4363.0907,9.1829,4.6211,0.6078,0.0216,0.0003,1.8333,0.0249,0.0026,15.9951,0.1754,3.9958,505.2416,1.011,0.1784,0.0521,0.0004,0.7559,0.003,0.9088,23.1262,12046.8111,27757.2757,0.0025,0.5852,0.0744,0.0004,18.6011,0.0003,0
0.1225,4319.5957,13.8051,8.7665,0.8737,0.0467,0.001,9.3491,0.0279,0.0023,11.6632,0.175,3.3158,570.9941,0.8353,0.3151,0.0856,0.0006,0.4143,0.0018,1.2035,23.7767,16303.2466,51651.0035,0.0032,1.7932,0.2966,0.0016,18.5059,0.0003,0
0.146,3543.8325,15.7519,13.3511,0.7889,0.0642,0.0008,9.7463,0.0298,0.0026,10.1148,0.0656,2.6909,446.5855,0.643,0.2978,0.0508,0.0005,0.5888,0.003,1.4864,17.7716,19790.1816,60735.8907,0.0025,1.7522,0.2082,0.0012,25.9622,0.0004,0
0.167,5799.7994,15.8587,14.5289,0.7888,0.0506,0.0022,11.3163,0.0184,0.0025,28.1823,0.2237,7.593,1654.018,4.1019,1.4113,0.3531,0.0018,0.7179,0.0094,1.5752,24.8461,19749.239,68121.2196,0.0026,1.1974,0.2558,0.0012,11.3634,0.0003,1
0.0919,3864.3372,8.754,4.3328,0.6358,0.0378,0.0011,3.899,0.0314,0.0029,9.7615,0.1365,3.0299,326.3393,0.8912,0.5732,0.1252,0.0004,0.5384,0.0029,0.9437,20.0199,11627.7144,24764.3476,0.0025,2.1863,0.3775,0.0008,20.8129,0.0004,0
0.1092,4989.5473,9.9251,6.3755,0.5842,0.0215,0.0002,1.8066,0.0238,0.0024,23.4532,0.1665,6.2255,759.7364,0.8168,0.1522,0.0292,0.0003,0.7264,0.0014,1.0906,23.7227,12255.1617,37489.8102,0.0022,0.5741,0.0468,0.0004,18.6267,0.0003,0
0.114,4911.7633,12.4243,7.5958,0.6407,0.0278,0.0004,4.8279,0.0255,0.0025,38.9745,0.2237,11.0456,1509.5742,0.6243,0.2839,0.0558,0.0008,1.0715,0.0046,1.1748,18.5407,13569.3408,44408.419,0.0018,0.5552,0.0518,0.0006,14.9378,0.0003,0
0.1496,3531.1851,15.4235,12.6625,0.6782,0.0355,0.0007,7.8727,0.0258,0.0023,13.4849,0.0827,3.6321,648.8896,0.604,0.1944,0.0425,0.0004,0.4816,0.0012,1.4892,16.8596,20881.4847,67676.44,0.0025,1.1381,0.198,0.0012,20.4135,0.0003,0
0.2141,4022.2315,23.264,24.0427,0.9288,0.1183,0.0057,29.8583,0.0406,0.0027,60.3838,0.2084,22.2187,4558.9926,0.8605,1.396,0.2613,0.0012,1.0624,0.0035,2.4213,25.887,31231.1447,159933.132,0.0034,4.5453,0.8415,0.0032,29.5212,0.0004,1
0.1098,3954.5499,10.6053,5.9773,0.6695,0.0459,0.0012,6.528,0.0225,0.0028,13.389,0.1775,5.7107,515.3865,1.1916,0.7481,0.1588,0.0009,0.5017,0.0037,1.1694,23.8061,15379.7119,34902.4696,0.003,2.504,0.4503,0.0017,18.8877,0.0004,0
0.1029,3685.719,9.7924,5.1926,0.6906,0.0224,0.0001,0.9405,0.0291,0.0025,10.9287,0.1302,2.986,362.1032,0.893,0.1191,0.0242,0.0002,0.4613,0.0019,0.9108,18.1019,12111.728,26436.4164,0.0026,0.6313,0.035,0.0002,20.1384,0.0003,0
0.1072,2348.1895,11.0624,6.5298,0.8174,0.0273,0.0005,4.0223,0.0245,0.0026,6.7606,0.0635,2.6826,296.3508,0.8002,0.2562,0.037,0.0003,0.3767,0.0017,1.0566,13.2895,13096.3392,32070.081,0.0036,1.5238,0.2021,0.001,21.7126,0.0003,0
0.1207,4026.7887,11.156,7.8303,0.6677,0.0328,0.0004,4.3669,0.0228,0.0024,8.0936,0.0893,2.8159,341.9486,0.4757,0.2212,0.0337,0.0003,0.4592,0.0012,1.2158,22.3388,17003.0022,44681.7889,0.0026,1.5835,0.1762,0.0011,23.4961,0.0003,0
0.1309,3545.9272,13.9262,8.2684,0.619,0.0276,0.0003,3.0548,0.0286,0.0023,9.0099,0.0682,3.0792,373.6222,0.5996,0.2607,0.0285,0.0003,0.6265,0.0016,1.2682,18.0798,15996.1779,48162.5349,0.0022,1.3411,0.112,0.0008,25.0218,0.0003,0
0.0886,3164.0329,9.4341,4.1822,0.5657,0.0362,0.0008,3.9035,0.0367,0.0027,21.4729,0.2687,5.0111,610.7085,1.1913,0.6318,0.0921,0.0007,1.311,0.0045,0.9048,16.9316,10396.3666,21904.2736,0.0023,1.0539,0.1305,0.0006,26.3275,0.0003,0
0.1546,4083.1699,16.8873,12.9337,0.7368,0.0376,0.0008,8.128,0.0192,0.0022,16.8203,0.1809,5.2018,1049.9584,1.0902,0.2952,0.0462,0.0004,0.5131,0.0015,1.471,23.4291,19340.0485,72198.8019,0.0028,1.1546,0.1478,0.0009,15.7971,0.0003,0
0.1057,6057.2592,11.5821,6.9651,0.6367,0.0269,0.0005,3.2134,0.0252,0.0025,10.1225,0.2473,2.9926,382.4025,0.9561,0.4263,0.0768,0.0005,0.516,0.003,1.0741,35.069,13376.0812,39131.0164,0.0025,1.1975,0.1638,0.0008,17.9761,0.0003,0
0.2268,5295.7016,22.8432,27.5096,0.6021,0.0497,0.0018,17.8782,0.0272,0.0022,31.8421,0.1184,10.4576,2753.5161,0.6434,0.4021,0.064,0.0007,0.6752,0.0027,2.433,23.4658,30244.6744,165875.3228,0.0028,2.4497,0.3611,0.0026,22.7593,0.0004,1
0.146,5387.5666,16.9724,12.0435,0.853,0.1399,0.0042,23.7991,0.0388,0.0035,67.6686,0.3199,21.478,4199.7528,1.6711,0.9929,0.2025,0.0014,0.7707,0.0048,1.7237,27.1956,22660.1549,81841.2574,0.0033,3.5533,0.5808,0.0027,23.1625,0.0004,1
0.1554,5148.9133,15.2751,10.1709,0.7556,0.0413,0.0016,10.8844,0.0243,0.0027,33.4228,0.1913,8.4251,1855.2299,1.4848,0.4181,0.1095,0.0008,0.6936,0.0036,1.5341,25.9777,19185.4723,74832.8641,0.0034,1.5202,0.3615,0.0016,19.7108,0.0004,1
0.1879,3875.648,20.3279,18.6147,0.8408,0.0766,0.003,22.3598,0.0303,0.0025,39.3541,0.1415,9.3533,2807.8005,0.5709,0.3975,0.0973,0.0006,0.5061,0.0022,2.3045,22.8347,27998.6293,156924.3405,0.0032,2.6987,0.6258,0.0023,25.1634,0.0004,1
0.242,4988.8467,25.0758,29.3994,0.7908,0.0945,0.0028,24.1856,0.0279,0.0028,50.9903,0.1197,16.1727,3994.9587,0.7172,0.488,0.0839,0.0007,0.6628,0.0034,2.6053,26.2021,34096.5047,161941.5924,0.0029,2.7984,0.4288,0.0027,23.3036,0.0004,1
0.1247,5271.2377,12.6758,8.2637,0.7706,0.0602,0.0011,9.0979,0.027,0.003,10.4907,0.1267,3.2639,424.0134,0.6981,0.4771,0.0627,0.0004,0.7666,0.0031,1.1685,25.0993,17432.0208,46156.9236,0.003,3.0494,0.2969,0.0012,30.4112,0.0005,0
0.112,4422.811,12.579,7.4989,1.0218,0.0678,0.0006,8.7777,0.0253,0.003,24.2581,0.1613,6.9215,972.3245,0.6982,0.3463,0.0359,0.0005,0.5811,0.0024,1.125,21.9559,15446.1807,51207.6041,0.003,1.9605,0.1229,0.0011,19.3506,0.0004,0
0.1571,4841.0646,16.2523,10.4786,0.6912,0.0773,0.002,14.4467,0.0352,0.0031,13.8138,0.1302,4.3218,634.5318,0.6039,0.5133,0.0683,0.0006,0.4593,0.0029,1.4188,30.4495,18630.8863,66449.683,0.0032,4.5097,0.4803,0.0031,32.4793,0.0006,1
0.1297,3518.4127,13.8371,8.7839,0.7257,0.0329,0.0002,3.4292,0.0244,0.0025,10.7798,0.0655,3.134,483.9315,0.5205,0.1218,0.0169,0.0002,0.3224,0.0013,1.404,17.4706,16411.6505,57090.6887,0.0026,1.0307,0.1059,0.0009,18.3051,0.0003,0
0.0993,3767.7732,9.9645,6.6279,0.6181,0.016,0.0002,2.3848,0.0215,0.0026,7.5199,0.1312,2.2122,275.5372,0.7715,0.1029,0.0226,0.0003,0.615,0.0016,0.9999,17.9378,12660.933,31029.1597,0.0021,0.4327,0.0448,0.0004,15.8866,0.0003,0
0.1464,4706.133,14.2026,10.1576,0.6612,0.0444,0.0008,7.3626,0.029,0.0027,17.7216,0.1957,4.6322,834.7459,0.5787,0.4261,0.0808,0.0006,0.6399,0.0031,1.4839,27.5709,18399.4035,60529.4173,0.0023,2.3075,0.311,0.0014,22.8344,0.0004,0
0.0868,5075.9709,8.1887,3.1304,0.9126,0.0353,0.0004,1.512,0.0282,0.0026,19.6746,0.3105,5.6306,487.5095,1.6431,0.4971,0.0644,0.0004,1.1106,0.0024,0.8148,23.4726,10152.1978,17931.1897,0.0036,1.1687,0.086,0.0003,20.3006,0.0003,0
0.1079,4745.2473,11.7296,6.294,0.7632,0.0461,0.0009,6.7217,0.0332,0.0024,25.4676,0.2079,9.334,1048.7885,1.2251,0.3907,0.0922,0.0005,1.1529,0.0038,1.0911,23.3944,12763.7455,36281.7464,0.003,1.2592,0.1809,0.0008,23.9195,0.0003,0
0.1089,3934.8349,10.8224,6.4908,0.9476,0.0651,0.0013,9.8963,0.0293,0.0029,20.7663,0.2345,6.3212,727.7188,1.9869,0.4861,0.125,0.0009,0.5985,0.004,1.1698,21.2073,14761.0595,39853.4882,0.0037,2.0422,0.3187,0.0016,19.7992,0.0004,0
0.0822,4416.8982,7.9848,3.3564,0.8691,0.0243,0.0,0.0,0.0312,0.0027,17.6582,0.3785,5.2541,541.7427,2.8372,0.2376,0.0,0.0,1.8854,0.0049,0.7204,20.5222,8942.1035,19621.3086,0.0029,0.5687,0.0,0.0,22.1008,0.0004,0
0.0969,4013.0339,9.7818,5.1978,0.5949,0.0198,0.0003,2.0123,0.0342,0.0025,10.4496,0.3246,2.7917,391.9669,1.4229,0.2182,0.0499,0.0005,0.5586,0.0032,0.9103,21.9056,12052.5651,26532.9642,0.0021,0.4212,0.0373,0.0002,22.0366,0.0003,0
0.1264,5615.9613,12.7516,11.1373,0.5454,0.032,0.0005,4.8976,0.0289,0.0023,16.6935,0.1892,4.477,762.2174,0.6157,0.1826,0.0459,0.0006,0.5932,0.0019,1.3138,26.4639,18207.701,59262.036,0.0023,0.9299,0.1352,0.0012,21.7847,0.0003,0
0.137,6165.1862,13.1692,8.5275,0.5898,0.0207,0.0002,1.9341,0.0213,0.0022,9.2731,0.1664,3.0456,423.3924,0.6234,0.2003,0.0173,0.0003,0.4753,0.0013,1.2786,35.8066,16913.0376,45022.8835,0.0025,0.96,0.0735,0.0006,18.5207,0.0003,0
0.1156,3124.3683,11.2403,6.7195,0.5961,0.0138,0.0001,1.9465,0.0251,0.0022,18.3976,0.0856,5.0251,728.4296,0.941,0.1164,0.0153,0.0003,0.7241,0.002,1.1489,17.4856,13444.6268,38456.5524,0.0022,0.4563,0.0268,0.0004,20.5399,0.0003,0
0.2057,6363.4827,20.8444,21.1699,0.8135,0.1245,0.003,27.645,0.0371,0.003,34.6158,0.1065,8.8752,2431.3734,0.5818,0.835,0.0892,0.0008,0.589,0.0042,2.4254,30.483,27259.3638,148393.1497,0.0033,5.0394,0.5935,0.0031,29.3865,0.0006,1
0.0985,3116.264,11.3066,5.8287,0.7181,0.0395,0.0008,3.85,0.0285,0.0029,17.2065,0.1449,5.3055,612.8498,1.0276,0.6558,0.1225,0.0005,0.6859,0.0034,0.996,18.9618,14846.4325,32749.526,0.0028,1.9607,0.2727,0.0011,21.6375,0.0004,0
0.1248,3237.6077,12.7888,8.2293,0.597,0.0246,0.0005,4.1475,0.0292,0.0022,11.0331,0.1221,3.1574,442.5058,0.7065,0.2449,0.0543,0.0004,0.5714,0.0016,1.1084,18.8098,14710.7547,47715.2854,0.0022,0.9554,0.1572,0.0009,22.7478,0.0003,0
0.1569,5172.8985,15.6742,11.915,0.7838,0.0528,0.0012,9.8885,0.03,0.0022,25.6355,0.182,5.6721,1144.1137,0.6897,0.3058,0.0497,0.0004,0.4891,0.0017,1.5976,27.3087,21359.8247,81058.4191,0.0032,2.0888,0.2631,0.0013,22.9401,0.0003,1
0.1359,4094.5834,13.4731,9.2785,0.5128,0.019,0.0006,1.979,0.0215,0.0022,8.8205,0.2089,1.9723,377.2286,0.8459,0.2547,0.0749,0.0003,0.5708,0.0016,1.1181,23.7626,15127.5476,44073.0966,0.0024,0.9815,0.2087,0.0005,21.0755,0.0003,0
0.2013,4093.8471,18.9494,21.568,0.5913,0.0385,0.0015,13.3951,0.0272,0.0021,30.6298,0.0876,8.1969,2067.7295,0.6129,0.2273,0.0667,0.0006,0.5852,0.0012,2.0331,20.2005,24616.1286,116853.2525,0.0023,1.0298,0.2439,0.0016,23.2899,0.0003,1
0.1334,4500.5017,14.2057,10.4052,0.6163,0.0332,0.0011,5.2283,0.023,0.0024,12.7718,0.1708,4.1206,629.7601,0.6166,0.3374,0.0785,0.0004,0.4077,0.0017,1.4054,25.359,18556.2538,60619.3307,0.0022,1.8278,0.3386,0.0011,18.4056,0.0003,0
0.1063,5158.5699,10.3738,5.6173,0.6036,0.0266,0.0002,1.451,0.0304,0.0027,27.1679,0.3039,8.2582,947.5398,1.0521,0.294,0.0328,0.0003,0.8175,0.0023,1.1639,27.709,13500.0835,35533.3357,0.0027,1.0825,0.0544,0.0003,21.5557,0.0003,0
0.1298,4225.8405,13.5319,9.0796,0.8236,0.0485,0.0015,10.3271,0.0258,0.0026,11.1673,0.1323,3.2437,575.0664,0.7597,0.2631,0.0483,0.0004,0.3852,0.0021,1.5073,28.7843,18674.4167,59797.075,0.0034,2.3965,0.3765,0.002,24.2919,0.0005,1
0.1133,3641.1957,12.434,7.1958,0.8726,0.0739,0.0021,12.0875,0.0396,0.0027,17.1153,0.1847,4.9096,705.5484,0.6974,0.5919,0.1166,0.0009,1.7328,0.0036,1.1199,21.2459,14821.305,39936.1341,0.003,2.7506,0.4192,0.0019,40.5124,0.0005,1
0.0878,4114.7729,9.7435,3.5974,0.7503,0.0871,0.0025,8.2882,0.0331,0.0037,24.6617,0.2417,7.7186,678.0587,1.4195,1.0107,0.2341,0.0012,1.0126,0.0061,0.7776,20.9599,11346.8841,20972.1967,0.0025,2.4204,0.4309,0.0013,23.4245,0.0004,0
0.1118,4061.515,9.6714,5.7887,0.8991,0.0413,0.0005,7.128,0.0263,0.0033,9.0319,0.1336,2.9334,373.9392,1.5766,0.375,0.0438,0.0006,0.7507,0.0067,0.9986,17.3803,13282.4758,27870.3947,0.0033,1.3758,0.1168,0.0009,20.7863,0.0005,0
0.0749,5496.9725,7.1149,2.8838,0.6551,0.0483,0.0011,2.2771,0.0303,0.0032,11.7815,0.2008,3.1827,315.5253,2.0573,1.0532,0.2303,0.0006,0.6499,0.0054,0.6531,27.2305,9326.8441,16405.1396,0.0036,1.7876,0.3177,0.0005,19.8707,0.0005,0
0.1164,3916.5402,12.7634,7.1435,0.8642,0.0542,0.001,4.8389,0.0272,0.0029,9.6746,0.1847,4.8382,444.0576,1.2998,0.5516,0.1164,0.0006,0.6411,0.0046,1.0731,19.1149,15069.8285,36886.3589,0.0031,1.7881,0.2363,0.0008,18.2167,0.0004,0
0.106,2611.6998,11.8983,7.3146,0.6632,0.0255,0.0004,4.9092,0.0288,0.0025,6.6487,0.0654,1.7433,239.215,0.5279,0.144,0.0213,0.0003,0.3832,0.0009,1.133,18.0255,15608.5937,40521.8621,0.0025,1.4193,0.1625,0.0012,23.5816,0.0003,0
0.129,3162.1959,14.3236,9.8432,0.7637,0.039,0.0009,10.7079,0.0245,0.0027,16.1,0.0966,4.6784,709.3627,0.8363,0.2243,0.039,0.0005,0.7193,0.0027,1.2862,16.3131,16729.0096,52902.6741,0.0026,0.8855,0.1327,0.0011,18.4205,0.0003,0
0.1146,4516.3342,11.9585,7.6243,0.75,0.0494,0.0013,10.6763,0.0266,0.0028,19.4148,0.2501,5.7986,619.8638,1.6061,0.6589,0.123,0.0011,0.6346,0.0046,1.2039,23.3133,16559.3027,42698.1653,0.0026,1.472,0.2141,0.0012,16.6412,0.0003,0
0.2015,5988.9589,20.4378,20.5652,0.6413,0.043,0.0021,14.3679,0.0226,0.0022,24.9156,0.1636,7.6563,1938.4673,0.725,0.3294,0.0887,0.0005,0.428,0.0022,2.099,31.5528,26955.8883,129413.7027,0.0025,1.8352,0.3976,0.0016,17.9606,0.0003,1
0.1768,4514.6561,17.4137,14.3416,0.6124,0.0282,0.001,10.0345,0.0328,0.0019,28.0542,0.1488,7.0437,1498.2236,0.5097,0.129,0.0568,0.0004,1.5751,0.0014,1.7841,27.3816,19154.7098,92246.9543,0.0023,0.7995,0.1992,0.0013,37.6239,0.0002,1
0.1613,4467.2752,16.129,13.4897,0.6542,0.0336,0.0009,9.4748,0.0292,0.0022,31.8359,0.1243,8.5353,1707.8285,0.7053,0.2371,0.0466,0.0005,0.7697,0.0019,1.6762,22.7161,22719.8729,88729.6923,0.0023,1.0318,0.1757,0.0012,22.573,0.0003,1
0.1072,4200.0761,10.73,6.2766,0.6979,0.0295,0.0003,2.4871,0.022,0.0024,10.8317,0.1142,2.9742,484.0367,0.6792,0.273,0.0509,0.0003,0.5226,0.0021,1.2151,19.5696,14227.5327,36344.7932,0.0026,1.3397,0.1476,0.0008,19.4022,0.0003,0
0.1132,4090.0743,11.7672,6.4303,0.7965,0.0439,0.0008,5.8284,0.0248,0.0027,16.5855,0.2367,4.9178,613.9688,1.2461,0.3652,0.067,0.0006,0.5107,0.0028,1.1134,25.3814,13739.49,37117.5163,0.0038,1.8895,0.2557,0.0013,20.2007,0.0004,0
0.111,6307.0594,11.4449,6.2475,0.5639,0.016,0.0,0.0,0.0167,0.0021,16.5567,0.5085,4.4957,615.3466,1.0858,0.1393,0.0,0.0,0.6622,0.0013,1.0299,33.8857,12674.3165,34868.0497,0.0018,0.3932,0.0,0.0,11.2498,0.0003,0
0.1039,4863.63,10.1955,5.4495,0.7868,0.0278,0.0006,5.4188,0.0261,0.0026,20.0672,0.3582,5.4581,610.2291,2.1553,0.2362,0.0468,0.0005,1.0161,0.0026,0.9669,26.1457,12234.8568,25315.3345,0.0032,0.7209,0.1056,0.0008,22.5044,0.0003,0
0.1849,6887.1332,20.3743,23.331,0.7396,0.0496,0.0017,14.5202,0.0267,0.0024,63.1969,0.223,16.2701,5563.7593,0.6621,0.2467,0.0546,0.0005,0.4458,0.0017,2.652,41.8814,34113.1646,241950.2783,0.003,1.8916,0.2985,0.0018,19.1171,0.0003,1
0.1259,4048.4088,13.4808,9.9882,0.6453,0.0241,0.0003,5.5286,0.0235,0.0023,8.0983,0.2265,2.5672,358.5101,0.7251,0.2028,0.0298,0.0004,0.5657,0.0011,1.2278,20.0743,17572.2848,46480.4871,0.0023,0.8088,0.0747,0.0009,19.2749,0.0003,0
0.1,3137.5347,11.3518,6.0611,0.9034,0.0508,0.0006,7.5357,0.0265,0.0025,19.2224,0.1825,3.7525,780.1186,1.4675,0.59,0.0549,0.0009,0.5156,0.0026,0.9633,13.9186,12458.138,31652.6309,0.003,1.2343,0.0748,0.001,14.3858,0.0003,0
0.122,2955.2548,11.4937,6.6082,0.6018,0.0332,0.0009,4.5299,0.0249,0.0025,13.7496,0.1109,4.3956,561.7627,0.6161,0.5063,0.1002,0.0005,0.6331,0.0033,1.0861,17.1948,15636.5113,37464.3378,0.0022,1.682,0.2832,0.0009,17.7558,0.0004,0
0.1129,3462.7378,12.4372,7.3339,0.7696,0.0367,0.0002,3.4633,0.0235,0.0024,9.9246,0.0931,2.9386,395.79,0.8432,0.2017,0.0167,0.0003,0.425,0.0011,1.1257,16.2933,14998.2888,40596.7171,0.0028,1.0536,0.0471,0.0007,17.9703,0.0003,0
0.1471,4596.8551,14.3532,10.3898,0.6577,0.0216,0.0003,3.5238,0.0226,0.0019,10.1195,0.1383,2.6884,475.3181,0.5379,0.1202,0.0198,0.0003,0.5871,0.0012,1.4478,22.7994,16212.094,55810.5099,0.0021,0.6599,0.0771,0.0006,19.927,0.0003,0
0.1301,5236.0423,12.3278,7.623,0.6249,0.0315,0.0006,3.5102,0.0232,0.0026,13.2889,0.1407,3.1732,526.0816,0.6877,0.3765,0.0702,0.0004,0.4404,0.0027,1.0949,25.3244,14825.6596,39005.489,0.0024,2.033,0.3675,0.0011,21.3293,0.0004,0
0.12,2826.6084,12.872,8.4292,0.6592,0.0148,0.0001,2.2492,0.0212,0.0023,16.7415,0.1419,3.8501,651.6015,1.1592,0.108,0.0141,0.0004,0.321,0.0026,1.1888,14.9712,14259.5133,39339.5719,0.0023,0.3273,0.0245,0.0004,12.6171,0.0003,0
0.1014,4636.3036,11.233,6.3655,0.6701,0.0269,0.0007,3.2635,0.0234,0.0025,12.2656,0.1403,3.4833,465.4938,1.3122,0.2611,0.0582,0.0003,0.4896,0.0019,1.1083,26.3524,12823.4207,35287.5382,0.0036,1.574,0.2946,0.0009,20.7918,0.0004,0
0.1257,5098.2791,10.3197,7.5366,0.7022,0.04,0.0007,4.8881,0.0214,0.0027,15.7455,0.2294,4.385,591.0357,1.5172,0.574,0.0808,0.0005,0.6241,0.0043,1.0864,26.793,15324.8126,39933.1543,0.0031,1.5034,0.1432,0.0009,15.1455,0.0004,0
0.1118,2828.3831,9.9685,5.9337,0.6431,0.0201,0.0002,2.0243,0.022,0.0023,9.1245,0.1416,2.6074,337.9872,0.5178,0.2021,0.0263,0.0004,0.9475,0.0025,0.9401,13.1187,12343.0355,28024.8377,0.0019,0.4806,0.0271,0.0003,16.8534,0.0003,0
0.1422,3669.4682,16.0368,10.3199,0.8858,0.0776,0.0015,13.9034,0.0308,0.0025,23.7035,0.1466,5.8732,1235.2016,1.1742,0.6602,0.0741,0.001,0.7477,0.0037,1.3202,16.6653,18616.4314,54642.6965,0.0031,1.981,0.1818,0.0015,20.3227,0.0003,0
0.1095,3246.771,11.8396,7.0914,0.7571,0.0524,0.0009,4.2589,0.0283,0.0027,15.714,0.2557,3.347,581.532,1.6578,0.6791,0.1241,0.0006,0.5988,0.0043,0.9765,17.6518,14128.8457,31513.3982,0.0028,1.4392,0.1537,0.0008,18.7975,0.0003,0
0.1092,3161.9549,11.1615,6.0736,0.8255,0.0243,0.0003,4.4543,0.0241,0.0027,11.1726,0.2535,2.8994,522.1799,2.1612,0.3062,0.0343,0.0007,0.9661,0.0034,0.9077,15.4111,12188.7009,24701.5574,0.0025,0.5362,0.0376,0.0005,13.9822,0.0003,0
0.126,3011.0142,11.1191,7.3931,0.6947,0.0242,0.0003,3.5996,0.0238,0.0022,10.9759,0.1008,2.7382,348.4869,0.6928,0.1596,0.0204,0.0003,0.4799,0.0019,1.141,17.1396,14450.1562,36787.9397,0.0028,0.8622,0.0827,0.0008,19.0728,0.0004,0
0.0866,2726.0353,10.6066,4.8228,0.718,0.0333,0.0003,3.2813,0.0266,0.0028,10.2057,0.0662,2.835,329.4115,0.859,0.2084,0.0199,0.0003,0.6463,0.0019,0.9446,14.3113,12415.6008,27435.4571,0.0026,1.1642,0.0835,0.0007,21.3306,0.0003,0
0.091,3029.8539,10.0826,4.2616,0.9357,0.0906,0.0017,11.9381,0.0316,0.0041,14.8032,0.1884,3.6135,507.537,2.9152,0.6681,0.1302,0.0007,0.8592,0.008,0.8697,16.2238,11274.0036,22807.3967,0.0042,2.3955,0.2738,0.0011,20.6166,0.0006,0
0.13,3756.7642,12.4929,8.6365,0.7184,0.0406,0.0005,3.9614,0.026,0.0025,14.7057,0.1502,4.0661,553.1154,0.7039,0.2907,0.0505,0.0004,0.5535,0.0021,1.173,20.5863,15843.2756,40217.0826,0.0029,1.4733,0.1512,0.0009,21.2656,0.0003,0
0.1545,7365.0105,15.7341,11.4559,0.8123,0.0783,0.0021,14.3079,0.0306,0.0027,12.8647,0.1802,4.3374,612.8928,0.7385,0.3961,0.0783,0.0004,0.2832,0.0025,1.5205,46.4147,20906.8287,71839.5504,0.0038,3.8017,0.4753,0.0023,23.7195,0.0005,1
0.1239,2854.1721,12.4287,7.4869,0.7154,0.0309,0.0006,5.9651,0.0295,0.0024,12.0468,0.0941,3.8792,490.5323,1.0883,0.1779,0.0416,0.0006,0.5789,0.0017,1.1633,14.6702,15005.3282,38888.2825,0.003,0.7944,0.1119,0.001,20.7287,0.0003,0
0.1101,4821.8526,10.9463,6.6901,0.4738,0.046,0.0011,4.1876,0.0213,0.0026,13.7469,0.2232,4.5027,569.0532,0.9641,0.9878,0.1577,0.0008,0.7179,0.0069,1.1172,21.0505,14226.5759,35763.3342,0.0019,2.4648,0.2834,0.001,15.4626,0.0004,0
0.1226,2883.7301,11.3503,7.8077,0.5573,0.0161,0.0001,2.0009,0.023,0.0026,17.0932,0.1922,4.4506,679.599,1.3134,0.1696,0.0159,0.0004,0.9424,0.0039,1.0956,13.6305,14204.5372,36145.6774,0.0019,0.474,0.0156,0.0003,17.1382,0.0003,0
0.2091,5577.8645,21.8221,17.4719,0.8696,0.0982,0.0039,25.549,0.031,0.0028,51.8642,0.1341,18.3533,3422.8436,0.8969,0.6045,0.1841,0.0013,0.6512,0.0049,2.0963,25.5625,29296.4791,128122.7122,0.003,2.8952,0.5615,0.0027,22.3907,0.0004,1
0.104,3345.4402,10.0337,5.8937,0.576,0.0221,0.0003,1.4016,0.0211,0.0024,15.1843,0.1653,4.0877,522.8789,0.9011,0.2601,0.0527,0.0003,0.5414,0.0019,0.9358,18.3514,12949.1968,30482.5462,0.0023,0.7876,0.0889,0.0004,16.4534,0.0003,0
0.1288,5020.6677,12.0517,8.5609,0.6992,0.0333,0.0006,5.4197,0.0272,0.0023,13.0842,0.1746,3.9313,603.0878,0.5683,0.2351,0.0495,0.0006,0.5092,0.0014,1.3555,26.1678,17665.5954,46690.2204,0.0024,1.093,0.2037,0.0013,22.6466,0.0003,0
0.0922,4775.2907,8.6977,4.1787,0.8365,0.0333,0.0003,2.1713,0.0278,0.0028,12.5388,0.2665,3.5778,414.7519,1.4424,0.2999,0.0425,0.0004,0.7873,0.0032,0.8575,26.1422,10818.6991,25297.6654,0.0034,1.0404,0.0861,0.0007,20.961,0.0004,0
0.0962,5032.2296,10.5559,5.402,0.6832,0.0253,0.0005,2.4453,0.0319,0.0025,16.5763,0.2086,4.2721,572.404,0.8976,0.3625,0.0679,0.0005,0.5755,0.002,1.1018,30.149,15542.8077,31843.6461,0.0028,1.1951,0.1631,0.0009,19.2723,0.0003,0
0.1189,3958.7238,11.4069,7.731,0.6382,0.0162,0.0001,1.1524,0.0191,0.0022,9.4115,0.0908,2.4365,353.6928,0.6294,0.0477,0.0066,0.0002,0.4293,0.001,1.1795,16.7476,13052.0161,37017.4999,0.0023,0.3014,0.0191,0.0003,16.5273,0.0003,0
0.1237,3277.5516,13.1322,8.0153,0.609,0.0437,0.0014,5.7115,0.0215,0.0025,15.8372,0.1762,4.9389,623.4935,0.8382,0.5991,0.1789,0.0008,0.5849,0.0028,1.1,16.8011,14926.4987,41052.4411,0.002,1.5128,0.3126,0.0012,15.6774,0.0003,0
0.1222,4554.6371,12.7508,8.129,0.4814,0.0082,0.0,0.3214,0.0229,0.002,9.8046,0.1532,2.4137,400.6602,0.4824,0.0324,0.0041,0.0001,0.4757,0.0007,1.1363,26.2329,14407.918,44374.1549,0.0018,0.2144,0.0077,0.0001,17.4824,0.0002,0
0.1742,4515.2272,19.0982,15.2202,0.9503,0.11,0.004,21.8432,0.0375,0.0028,23.1097,0.0971,6.7938,1187.1606,1.0322,0.6152,0.1534,0.0005,0.5134,0.0043,1.7681,24.1168,27716.4776,88147.248,0.0038,4.129,0.8399,0.0022,23.8236,0.0005,1
0.1131,3217.1311,12.3316,7.2724,0.7974,0.0426,0.0004,5.2342,0.03,0.0027,10.727,0.1041,4.3843,400.1332,0.8948,0.3684,0.0252,0.0003,0.8073,0.003,1.0526,16.6038,14693.5144,38808.2311,0.0033,1.7587,0.0901,0.0008,27.0558,0.0004,0
0.1409,4235.8206,15.1096,10.7139,0.5269,0.0509,0.0012,6.7837,0.0266,0.0026,23.3854,0.2668,7.3448,1111.4202,0.8248,0.8053,0.1225,0.0008,1.0625,0.0071,1.4015,23.2984,18228.4504,52282.0324,0.0021,1.6348,0.2282,0.0009,20.8872,0.0004,0
0.1055,6748.6122,11.1164,6.6641,0.6022,0.015,0.0,0.0,0.0264,0.0021,21.6854,0.4758,6.5301,963.2106,0.9573,0.1345,0.0,0.0,1.001,0.0024,1.1373,33.6001,14457.8411,39537.8268,0.0019,0.3835,0.0,0.0,18.2518,0.0003,0
0.1336,4215.4846,12.4206,8.8186,0.6336,0.0161,0.0003,5.3591,0.0233,0.0021,10.0096,0.2966,2.8156,440.4183,0.5992,0.083,0.0326,0.0005,0.8522,0.0013,1.1112,20.614,14368.0633,41493.9425,0.0023,0.2935,0.0436,0.0005,12.4175,0.0003,0
0.0966,4346.7897,10.4489,5.0949,0.6981,0.0734,0.0028,10.53,0.0324,0.0034,5.8013,0.1711,4.6326,199.7183,1.2666,1.36,0.3931,0.0013,0.4964,0.0089,0.9407,19.9996,12196.3661,26224.6362,0.0026,2.3902,0.5499,0.0017,17.9671,0.0005,0
0.1915,5072.5875,18.0275,19.7075,0.7841,0.0709,0.0028,16.4248,0.0287,0.0026,28.9272,0.2326,8.292,1806.8309,1.3648,0.4986,0.0965,0.0008,0.7719,0.0031,1.7871,24.7579,25279.9402,91500.161,0.003,1.8637,0.3258,0.0017,23.5871,0.0003,1
0.1181,3604.9482,12.778,6.9134,0.7694,0.0329,0.0008,6.0145,0.0257,0.0026,11.6768,0.0989,2.5329,493.8368,1.1069,0.3276,0.0572,0.0005,0.867,0.0034,1.1827,17.4742,16700.9824,39336.0286,0.0032,1.2578,0.2067,0.0012,25.8874,0.0004,0
0.1551,4340.4326,14.7998,13.3564,0.8457,0.0667,0.002,14.8671,0.0318,0.0027,75.7655,0.1777,19.5111,4773.7476,1.0869,0.6505,0.1066,0.0009,0.7011,0.0042,2.0628,24.4676,24617.7907,118675.5321,0.003,2.4222,0.3523,0.0024,21.0311,0.0004,1
0.0856,3158.7555,8.9421,4.0177,1.0679,0.0503,0.0004,4.0327,0.0378,0.0034,17.2365,0.1481,4.8199,552.4546,2.2545,0.4337,0.0534,0.0007,1.3064,0.0026,0.9522,15.0298,12160.0498,21623.7063,0.0039,1.5174,0.0981,0.0008,25.8103,0.0004,0
0.1634,5192.5106,15.758,11.8653,0.7941,0.0728,0.0028,15.6545,0.0315,0.0029,28.4025,0.142,7.4906,1689.8091,1.2087,0.6359,0.1463,0.0006,0.4596,0.0046,1.6598,27.7121,21917.5048,93157.5292,0.0039,3.3701,0.7036,0.0022,22.561,0.0006,1
0.1006,3955.4697,10.6171,5.0972,0.8585,0.0368,0.0002,2.9362,0.0293,0.0025,12.2464,0.1768,3.8631,410.3614,0.9997,0.2547,0.0208,0.0003,0.8509,0.0025,0.9944,19.653,11891.9291,26303.2715,0.0029,1.0078,0.0591,0.0006,22.5288,0.0003,0
0.1321,4884.9847,15.4673,10.5222,0.7687,0.0827,0.0027,14.9477,0.03,0.003,40.2758,0.1618,11.3327,1799.1017,1.2426,1.2044,0.1713,0.0009,0.4969,0.0044,1.5271,27.0065,18740.1661,71910.7925,0.0035,4.4255,0.6358,0.0019,20.1278,0.0005,1
0.1169,7239.8626,10.5821,6.5258,0.5865,0.0155,0.0001,1.1232,0.0258,0.0022,12.8495,0.223,3.103,432.6295,0.6044,0.1126,0.008,0.0001,0.5974,0.0019,1.0505,36.2078,12777.1702,34331.6655,0.0022,0.4897,0.022,0.0003,19.7494,0.0003,0
0.1212,5245.5763,12.4818,6.9364,0.5335,0.0465,0.001,5.277,0.0187,0.0027,6.5628,0.1862,4.1619,270.5421,0.6842,0.7557,0.1015,0.0008,0.7518,0.0048,1.0378,22.8087,15042.0628,34535.8429,0.0019,2.2428,0.2697,0.0013,16.3201,0.0004,0
0.1264,3567.2754,13.4432,9.4929,0.6867,0.026,0.0002,1.9171,0.0235,0.0022,11.2386,0.1144,3.3044,487.4082,0.6539,0.1365,0.0231,0.0002,0.4096,0.0013,1.3256,20.114,15943.0396,47854.04,0.0022,0.9139,0.0752,0.0006,18.187,0.0003,0
0.1561,4644.9049,16.6425,11.7402,0.802,0.085,0.0022,18.2632,0.0324,0.0029,32.3887,0.147,8.5153,1500.8775,0.952,0.4213,0.0765,0.0006,0.5257,0.0032,1.7522,28.802,21402.6699,96132.9686,0.0036,2.8432,0.4128,0.0021,27.9793,0.0005,1
0.108,3399.1266,10.524,6.3619,0.6568,0.0386,0.0009,4.7303,0.0227,0.0027,11.0822,0.0763,2.9894,375.5915,0.9989,0.6325,0.0936,0.0007,0.7336,0.0056,1.0301,16.4751,13523.566,33105.7573,0.0021,2.0603,0.2473,0.0011,18.7244,0.0004,0
0.1323,3901.982,13.5452,8.8995,0.7035,0.0336,0.0005,5.3465,0.0249,0.0024,12.0348,0.1302,3.4554,601.4206,0.4652,0.1458,0.0395,0.0004,0.3649,0.0012,1.2505,21.5105,15443.9269,53248.9642,0.0023,0.9604,0.1761,0.0009,16.9426,0.0003,0
0.1042,3346.1384,11.5134,6.52,0.7315,0.0328,0.0005,4.9086,0.0269,0.0025,13.7611,0.1369,3.4226,539.297,1.0061,0.1798,0.0479,0.0005,0.5094,0.0019,1.0367,19.7279,12813.8444,35624.2031,0.003,1.1525,0.1696,0.0009,21.0708,0.0003,0
0.1227,2610.8669,13.3618,8.181,0.7145,0.0247,0.0003,4.2077,0.0252,0.0028,11.2808,0.0932,3.1784,512.1715,0.838,0.2023,0.0223,0.0004,0.5182,0.0032,1.1665,15.7802,15055.3534,40432.8915,0.0028,1.0347,0.0851,0.0009,20.232,0.0004,0
0.1184,4576.8386,12.1284,7.1842,0.6142,0.0416,0.0008,5.998,0.0244,0.0028,14.3015,0.1699,6.3201,616.458,0.8758,0.8266,0.0966,0.0007,0.5843,0.0058,1.1043,25.5791,16524.3925,39614.2481,0.0025,1.8476,0.2217,0.0014,17.3101,0.0004,0
0.1301,5557.2183,15.4203,9.373,0.7896,0.0484,0.0006,7.2066,0.0211,0.0026,21.2401,0.2093,6.1931,802.6691,0.9657,0.3992,0.0505,0.0007,0.6098,0.0041,1.3209,30.1502,17817.0145,52034.6218,0.0026,1.5729,0.1191,0.0012,17.2838,0.0004,0
0.1332,3531.9654,13.2755,9.3229,0.6476,0.0216,0.0002,3.5322,0.0206,0.0027,13.3347,0.1937,3.9357,623.3235,0.7779,0.1233,0.013,0.0003,0.4957,0.0014,1.2771,23.7693,15280.9336,47896.9577,0.0023,0.7165,0.0504,0.0006,17.7102,0.0003,0
0.1228,4424.3089,11.1427,7.4996,0.561,0.0161,0.0003,3.0063,0.0243,0.0022,10.9514,0.2161,2.5741,412.2084,0.7373,0.0984,0.0233,0.0003,0.4642,0.0012,1.122,28.0668,15069.252,41741.8151,0.0023,0.6122,0.0996,0.0008,20.1822,0.0003,0
0.1515,4012.8577,16.7055,13.562,0.7033,0.0489,0.0011,10.1173,0.0274,0.0025,40.3975,0.1664,9.0423,2085.9508,0.9701,0.3234,0.0799,0.0005,0.6465,0.0025,1.6897,23.8263,20499.3602,82417.3978,0.0028,1.5617,0.2343,0.0014,22.8303,0.0003,1
0.1215,4536.7543,11.6135,6.4135,0.6902,0.0221,0.0002,1.8328,0.0293,0.0024,8.4815,0.197,2.4923,347.9951,0.871,0.1502,0.0234,0.0003,0.7864,0.0012,1.0221,21.8696,13572.3264,32778.3362,0.0025,0.7759,0.0696,0.0005,23.6166,0.0003,0
0.0965,3280.8042,9.2784,4.535,0.6969,0.0197,0.0001,2.2046,0.0321,0.0026,13.7738,0.2025,3.9114,452.1571,1.8399,0.1557,0.0205,0.0004,0.5771,0.0033,0.8724,19.93,11704.2335,25195.2476,0.003,0.6552,0.0356,0.0006,19.6501,0.0003,0
0.1471,4383.0493,12.3855,10.064,0.6539,0.0243,0.0002,3.814,0.0239,0.0022,17.2483,0.2209,5.0087,818.2051,0.7946,0.1773,0.0142,0.0003,0.6104,0.0018,1.3772,25.0789,16582.3177,52600.8136,0.0021,0.7397,0.0466,0.0006,17.7642,0.0003,0
0.0956,3326.3679,9.5185,3.5607,0.6821,0.055,0.0012,3.668,0.0203,0.0029,16.9295,0.128,7.3808,498.834,2.5681,1.126,0.235,0.0011,0.7221,0.0042,0.7634,14.5763,11002.2585,17395.3333,0.0024,1.2477,0.1366,0.0004,11.5346,0.0003,0
0.12,3465.8444,11.4115,7.7816,0.5869,0.0139,0.0001,1.869,0.0231,0.0022,5.9969,0.0903,1.6793,269.2893,0.4583,0.0803,0.0161,0.0002,0.5288,0.001,1.0586,18.701,14007.7083,40273.1941,0.002,0.5251,0.0599,0.0004,21.5669,0.0003,0
0.1374,2356.5146,14.376,11.9908,0.8792,0.0605,0.0027,17.8011,0.0276,0.0028,22.4596,0.0892,6.1358,1195.2158,0.7057,0.3926,0.1053,0.0007,0.5052,0.0029,1.5773,13.3416,22068.0264,78459.8476,0.0031,2.1559,0.5503,0.0021,23.3318,0.0004,1
0.1443,3658.16,15.5234,9.4012,0.7193,0.0344,0.001,7.9175,0.0233,0.0022,19.7848,0.1637,5.675,997.0021,0.6907,0.2627,0.0708,0.0004,0.3909,0.0013,1.4867,25.2695,19931.7797,73934.0346,0.0025,1.3528,0.2458,0.0012,16.5842,0.0003,1
0.1035,4500.9486,10.3076,5.3596,0.5494,0.0187,0.0,0.0,0.0247,0.0025,17.5764,0.1763,4.9559,587.9588,1.3382,0.1851,0.0,0.0,0.9228,0.0017,1.0193,21.1045,12906.0541,29446.2033,0.002,0.5238,0.0,0.0,19.2689,0.0003,0
0.1169,3909.8339,11.9684,6.6912,0.7694,0.0285,0.0003,5.0613,0.0303,0.0026,19.3369,0.1981,5.0185,685.1465,0.74,0.1927,0.0268,0.0006,0.6757,0.0027,1.0923,18.587,13589.1076,30255.2285,0.0025,0.5988,0.0474,0.0006,16.3322,0.0003,0
0.1248,6869.0593,12.9386,8.3928,0.6775,0.0308,0.0003,5.3449,0.0231,0.0023,11.6268,0.2084,3.3401,486.3922,0.6598,0.2404,0.0328,0.0004,0.5605,0.0009,1.2037,30.4378,15468.3948,46806.1429,0.0023,0.9728,0.0994,0.0009,18.5196,0.0003,0
0.119,3327.9946,11.319,7.2989,0.6585,0.029,0.0003,2.8727,0.0247,0.0025,12.8582,0.1069,4.607,563.4209,0.7361,0.2284,0.0262,0.0002,0.4451,0.0015,1.1677,18.5215,15408.855,41511.2483,0.0028,1.2457,0.1074,0.0006,20.3411,0.0003,0
0.1499,4270.0149,16.497,13.0077,0.8143,0.0819,0.0028,15.0097,0.0337,0.0028,15.8109,0.1304,6.6101,903.5019,1.1748,0.8837,0.1861,0.0011,0.9108,0.0045,1.4835,21.5631,19693.8534,66280.474,0.0031,2.8057,0.5377,0.002,25.7856,0.0004,1
0.1017,3862.3643,10.9231,6.4926,0.5848,0.0198,0.0005,3.8408,0.0215,0.0023,14.5851,0.1276,4.1299,493.1288,1.2024,0.1517,0.0517,0.0004,0.7046,0.0015,1.0214,21.9944,13368.08,33615.7615,0.0025,0.6519,0.1441,0.0007,17.3786,0.0003,0
0.1289,6573.6632,12.5768,8.8471,0.6065,0.0313,0.0004,5.6116,0.0217,0.0024,17.114,0.2807,4.9268,784.7178,0.8065,0.1928,0.0188,0.0004,0.4852,0.0024,1.1426,36.8559,14972.0555,42538.6109,0.0026,1.0297,0.0677,0.0008,14.658,0.0003,0
0.1375,5499.0917,15.8544,12.4197,0.8429,0.0766,0.0023,15.4243,0.0303,0.0028,23.0136,0.1232,7.0408,1110.2488,0.7291,0.4508,0.0829,0.0006,0.5369,0.0022,1.6697,32.3005,24917.5741,89604.3132,0.0039,3.9709,0.5905,0.0021,27.4485,0.0004,1
0.1241,3145.2889,13.2198,8.0276,0.6919,0.0417,0.0005,3.5473,0.0258,0.0027,10.0721,0.0825,2.0239,468.1195,0.7741,0.3855,0.0743,0.0003,0.5244,0.0046,1.1048,14.4446,15190.3093,40019.1631,0.0026,1.2878,0.1364,0.0006,18.1834,0.0004,0
0.1226,3684.5401,12.278,8.9013,0.7437,0.0214,0.0004,5.0092,0.0237,0.0021,12.2775,0.1221,3.1836,536.8535,1.0437,0.0897,0.0382,0.0004,0.6123,0.0015,1.1216,16.5303,12946.4365,41195.0065,0.0029,0.4944,0.0999,0.0006,17.3685,0.0002,0
0.1275,3813.9863,12.0976,8.2605,0.5607,0.0114,0.0,0.9325,0.0228,0.0019,19.0491,0.1322,4.5304,747.241,0.8322,0.0792,0.0018,0.0002,0.6619,0.0008,1.1586,20.1003,15607.3104,37971.2485,0.0022,0.2844,0.0031,0.0002,15.8987,0.0002,0
0.131,3284.8102,13.0269,7.8108,0.6013,0.0331,0.0007,4.9094,0.026,0.0021,10.7778,0.0749,3.3344,408.2088,0.5593,0.3406,0.0689,0.0004,0.4273,0.0019,1.1297,16.0948,16165.9967,41692.3564,0.0023,1.9186,0.2402,0.001,19.4319,0.0003,0
0.1288,2394.6949,13.0083,8.3993,0.9843,0.0451,0.0009,11.5796,0.0368,0.0025,22.6218,0.1325,5.9759,971.3085,1.7906,0.4218,0.0283,0.0004,0.8157,0.0047,0.9885,11.513,15136.283,43529.3795,0.003,0.9212,0.0811,0.0007,20.6777,0.0003,0
0.1628,4809.9488,15.7555,10.4683,0.6551,0.0443,0.0014,13.7721,0.0272,0.0024,17.8078,0.1149,4.6607,795.0683,1.3041,0.3593,0.1127,0.0008,0.7563,0.0016,1.4301,21.5589,17667.9167,58963.8353,0.0026,1.3771,0.2456,0.0016,18.1016,0.0003,1
0.1057,5847.3257,10.0344,4.997,0.7624,0.0296,0.0003,2.5296,0.0264,0.0026,13.627,0.217,3.593,496.6351,0.9882,0.1687,0.0267,0.0003,0.6383,0.0019,1.0019,30.2428,13349.7566,32494.1286,0.0032,0.9766,0.1042,0.0007,27.1801,0.0004,0
0.0691,2947.8725,7.0425,2.1999,0.8202,0.0331,0.0,0.0,0.0294,0.0031,12.1074,0.2084,3.3498,271.5765,1.288,0.1741,0.0,0.0,0.8273,0.0028,0.6375,17.5357,8348.9733,13147.6564,0.0033,0.8069,0.0,0.0,21.7097,0.0004,0
0.2083,5639.086,21.1067,19.9408,0.7744,0.0713,0.0021,21.7599,0.0283,0.0024,48.4799,0.2601,15.0679,3103.6168,1.166,0.7715,0.1388,0.0011,1.1426,0.0031,1.9186,27.9752,28159.571,117317.5883,0.0026,2.4325,0.3827,0.0023,25.2616,0.0003,1
0.11,3514.7843,11.9754,6.3161,0.7427,0.0282,0.0006,2.9829,0.0326,0.0021,12.0852,0.1868,3.1774,473.8216,0.8847,0.285,0.0505,0.0003,0.5619,0.0019,1.1095,22.1785,14796.4586,41739.3833,0.003,1.2891,0.2212,0.0009,23.8657,0.0003,0
0.1335,3548.1775,12.8774,8.4745,0.6023,0.0239,0.0,0.4869,0.0255,0.0023,10.7874,0.072,2.8003,453.5327,0.4851,0.1297,0.0025,0.0001,0.4359,0.002,1.1376,18.3595,15837.2576,42379.349,0.0024,0.8656,0.0098,0.0003,17.2276,0.0004,0
0.1339,4793.949,14.1458,8.6875,0.7546,0.0505,0.0015,9.7221,0.0261,0.0025,11.153,0.0727,3.2309,536.7142,0.7016,0.3345,0.0732,0.0006,0.415,0.0024,1.391,23.0823,17666.2589,59566.9751,0.0035,2.671,0.4223,0.0026,19.9013,0.0005,1
0.1318,2841.8297,11.42,7.7645,0.6248,0.0347,0.0005,4.3166,0.0226,0.0024,16.4351,0.0902,5.1307,698.3815,0.808,0.4383,0.0777,0.0005,0.6228,0.0029,1.2624,14.0614,15748.5823,45358.5919,0.0025,1.5323,0.162,0.001,17.6515,0.0003,0
0.0928,3738.8187,9.2046,4.9502,0.674,0.0567,0.0015,6.1756,0.0266,0.0034,22.0652,0.294,6.3785,825.6041,1.7528,1.5071,0.2826,0.0012,1.2569,0.0135,0.9002,23.3354,12511.9424,26811.779,0.0027,1.8172,0.3347,0.0011,17.4128,0.0005,0
0.0795,4518.0905,9.0183,4.0839,0.7206,0.022,0.0005,2.0846,0.0243,0.0028,16.1487,0.213,4.6017,515.9684,1.5574,0.2994,0.0993,0.0006,1.2092,0.0034,0.7909,19.9525,10330.6634,19870.3803,0.0023,0.5766,0.0769,0.0003,17.5864,0.0003,0
0.1183,4333.0912,12.2869,7.3332,0.5664,0.0138,0.0002,2.8187,0.022,0.0022,21.254,0.2836,5.606,826.0504,1.0134,0.1838,0.026,0.0006,1.123,0.0021,1.1261,16.7816,12718.9175,38442.3427,0.0019,0.3315,0.0193,0.0003,13.4742,0.0003,0
0.1965,5851.5847,21.1345,20.4931,0.7173,0.0431,0.0017,18.2172,0.0258,0.0023,39.1181,0.3114,12.1073,2583.4597,0.8045,0.3661,0.0985,0.0008,0.6426,0.0019,1.9133,32.0369,26141.8766,127676.9964,0.0025,1.316,0.2778,0.0019,17.6609,0.0003,1
0.0736,4667.1617,7.8518,2.9646,0.6824,0.0562,0.0018,3.5757,0.0377,0.0033,10.1044,0.2646,2.8538,282.0134,1.6663,0.8451,0.1837,0.0005,0.7587,0.0093,0.7979,25.2775,9881.0301,20124.5663,0.0036,2.7672,0.5276,0.0009,24.4984,0.0006,0
0.1397,3669.8284,13.211,10.0805,0.5844,0.0238,0.0005,5.2562,0.025,0.0025,19.9061,0.1362,5.8702,997.4799,1.0787,0.2183,0.0374,0.0004,0.6142,0.002,1.247,21.0691,17835.1984,53007.2518,0.0026,0.777,0.108,0.0009,19.618,0.0003,0
0.0945,4632.2095,10.3408,4.7956,0.8063,0.0564,0.0008,5.416,0.0269,0.003,18.3085,0.2613,4.7295,601.532,1.6293,0.6077,0.1015,0.0007,0.7611,0.005,1.017,20.7402,12431.5513,26787.5343,0.0029,1.4168,0.1147,0.0007,18.6108,0.0004,0
0.1173,3996.2202,11.7295,7.2395,0.5758,0.0232,0.0003,3.7248,0.0279,0.0023,11.5275,0.1575,2.873,422.7335,0.9274,0.2443,0.0338,0.0004,0.5552,0.0013,1.0375,22.3116,14878.016,37836.2765,0.0028,1.145,0.1165,0.001,23.2135,0.0003,0
0.095,6298.1498,7.7285,4.1606,0.6292,0.0212,0.0,0.0,0.0264,0.0024,27.992,0.4008,8.3133,794.0308,1.489,0.1784,0.0,0.0,0.967,0.0026,0.8856,28.3832,10436.4173,22762.1178,0.0026,0.451,0.0,0.0,18.7437,0.0003,0
0.0964,3852.7814,8.6386,4.7046,0.8098,0.0318,0.0002,3.4799,0.0314,0.0025,10.7472,0.1798,3.3845,366.1223,1.2538,0.2224,0.0182,0.0004,0.6895,0.0018,0.8964,20.2489,9902.0299,23762.1095,0.0033,0.8002,0.0574,0.0006,19.9792,0.0003,0
0.1476,5364.4714,13.7051,9.4505,0.7221,0.0372,0.0011,7.9561,0.0264,0.0025,23.8321,0.1638,6.4599,1139.5733,0.7971,0.2402,0.0669,0.0004,0.4116,0.0018,1.4531,29.8762,17325.1037,65163.3903,0.0028,1.3412,0.2795,0.0013,19.2397,0.0003,1
0.0899,4397.0413,9.1721,4.1587,0.8126,0.0335,0.0001,3.3411,0.0383,0.0025,36.0963,0.2262,10.561,1261.1594,1.7563,0.2998,0.0151,0.0005,0.9624,0.003,0.8959,19.8811,11476.9195,25756.2806,0.0031,0.8547,0.0184,0.0005,23.4742,0.0003,0
0.1583,4995.1973,14.7929,9.96,0.6479,0.0449,0.0013,10.937,0.0296,0.0026,15.6112,0.2692,5.3841,816.4955,1.0927,0.5065,0.0828,0.0006,0.423,0.0033,1.3731,29.371,18427.3505,56755.8853,0.0027,1.9636,0.2998,0.0017,19.8374,0.0004,1
0.1434,5640.3676,13.2344,10.5446,0.6923,0.0378,0.0004,5.3077,0.0274,0.0025,19.7948,0.1405,5.034,928.1292,0.6351,0.335,0.0257,0.0004,0.6871,0.0023,1.3549,25.7473,16543.553,57342.1858,0.0022,1.1643,0.0919,0.0007,17.4209,0.0003,0
0.1287,5069.671,15.4326,8.8788,0.8455,0.0986,0.0028,12.356,0.0328,0.0034,11.212,0.1511,4.4869,529.0548,0.8704,0.9269,0.1381,0.0007,0.628,0.0057,1.1669,31.4966,17384.0017,51166.3056,0.0035,5.3636,0.6923,0.0024,26.4784,0.0006,1
0.1084,4189.7731,10.5609,5.4176,0.8015,0.0381,0.0004,2.1722,0.0324,0.0024,19.4168,0.2071,5.0057,648.2711,1.0823,0.3615,0.0638,0.0004,0.8718,0.0028,0.9522,21.0863,11483.2142,27441.4501,0.0025,1.039,0.0753,0.0003,22.2656,0.0003,0
0.1447,5197.4523,13.534,10.5206,0.6681,0.0546,0.0014,6.2709,0.0232,0.0026,12.1662,0.1454,4.8453,524.8422,0.5879,0.73,0.1562,0.0007,0.5255,0.0034,1.1839,23.6416,17973.6761,52524.153,0.0021,1.8848,0.2922,0.0012,15.1219,0.0003,0
0.1056,4043.9868,10.8309,6.4202,0.6643,0.0243,0.0003,3.3977,0.0244,0.0023,9.9027,0.2136,3.0669,379.3782,0.7686,0.1589,0.0261,0.0003,0.4161,0.0012,1.0545,32.7683,15563.5075,36673.87,0.003,1.1,0.1639,0.0009,22.4857,0.0003,0
0.1318,4754.1609,11.1366,7.5073,0.6674,0.0425,0.0008,5.8657,0.0291,0.0027,14.8602,0.1879,4.8452,595.9194,1.0411,0.406,0.0646,0.0006,0.5879,0.0037,1.3196,26.5664,15998.6715,39222.6493,0.0029,1.7124,0.2096,0.0014,22.0353,0.0004,0
0.1303,3638.6604,13.0961,8.87,0.5358,0.0314,0.001,4.6514,0.0195,0.0024,8.5788,0.1523,2.7134,432.3024,0.7581,0.569,0.1218,0.0005,0.3915,0.0028,1.1114,18.421,15829.8866,46002.7743,0.0022,1.5956,0.3041,0.001,13.5629,0.0003,0
0.1698,4648.6675,18.005,16.9459,0.7022,0.061,0.0013,10.7344,0.03,0.0025,35.244,0.199,9.7204,2604.6341,1.0959,0.6298,0.1012,0.0009,0.6643,0.0034,2.0917,28.511,26942.2089,138056.221,0.0031,3.119,0.428,0.0022,26.3328,0.0005,1
0.1226,2992.6708,12.9687,9.055,0.8014,0.051,0.0011,7.7252,0.0313,0.0026,14.2681,0.0663,4.2587,541.5782,0.7461,0.3787,0.0602,0.0003,0.5567,0.0019,1.3281,15.9386,16949.4989,48988.5236,0.0028,1.7831,0.2613,0.0009,23.7273,0.0004,0
0.0997,6016.7513,9.2219,4.9156,0.544,0.0205,0.0002,1.7072,0.0244,0.0024,10.3983,0.2201,2.629,293.9005,0.9543,0.199,0.0341,0.0003,0.4746,0.0018,0.9385,30.9723,10813.2475,22498.8276,0.0023,0.7369,0.0748,0.0005,15.9586,0.0003,0
0.1086,2869.5649,11.147,5.6925,0.7638,0.0317,0.0004,4.5052,0.0271,0.0025,10.1375,0.0712,2.5583,392.0705,0.9169,0.1803,0.0291,0.0004,0.5125,0.002,0.962,13.27,12873.7543,30341.5725,0.0029,1.0849,0.1032,0.0008,16.7117,0.0003,0
0.1318,3406.6408,12.8453,7.4445,0.9132,0.0471,0.0008,5.6582,0.0283,0.0025,14.5365,0.1419,3.6327,522.5214,1.3514,0.267,0.0664,0.0005,0.8824,0.0018,1.1208,17.19,15126.5638,38389.2224,0.0031,1.152,0.1728,0.0009,23.0807,0.0003,0
0.1202,4314.3896,11.3633,6.0476,0.6424,0.0211,0.0003,3.5661,0.0293,0.0024,13.8849,0.2575,4.6535,510.2851,0.898,0.2294,0.0377,0.0005,1.1126,0.0023,1.1099,21.4483,13092.9994,32694.4214,0.0023,0.6556,0.068,0.0007,22.8655,0.0003,0
0.1011,4034.2617,9.4516,5.2083,0.7731,0.031,0.0001,1.9452,0.0278,0.0023,14.9292,0.2775,3.5158,462.6578,1.8598,0.3819,0.0103,0.0004,0.848,0.0019,0.8989,20.2106,11320.2131,24275.3631,0.0024,0.8082,0.0086,0.0003,16.3157,0.0003,0
0.1242,5438.3401,12.3296,8.7549,0.8934,0.0536,0.0013,11.6719,0.0265,0.0028,22.96,0.1629,6.3645,1104.3986,1.145,0.4104,0.0677,0.0006,0.5102,0.0024,1.4948,28.6068,18520.0392,61668.6219,0.004,2.6459,0.3791,0.0017,26.6506,0.0004,1
0.1055,5382.7953,12.199,6.6588,0.9973,0.0771,0.0006,7.991,0.0331,0.0028,15.624,0.2568,4.6911,585.2836,1.6953,0.5566,0.0469,0.0007,0.4893,0.0041,0.9296,27.5492,15365.236,35280.6865,0.0036,2.2048,0.1319,0.0014,20.7596,0.0005,0
0.1441,4547.9576,14.4235,9.4363,0.7556,0.0463,0.0016,10.3655,0.0305,0.0024,14.616,0.131,5.2346,719.4375,0.8485,0.4744,0.1074,0.0005,0.6544,0.003,1.297,25.8965,19507.9767,57809.6083,0.003,2.7827,0.4882,0.0015,26.3262,0.0004,1
0.1347,3362.6728,13.6989,7.8997,0.8751,0.0702,0.0014,11.4044,0.0292,0.003,15.1791,0.135,3.2821,348.7648,0.8778,0.574,0.0995,0.0007,0.6952,0.0033,1.4128,19.8901,16636.7,42665.4424,0.0034,3.2107,0.4392,0.0019,24.2515,0.0004,0
0.1141,3985.5126,11.0436,6.249,0.7073,0.0561,0.0019,4.8816,0.0308,0.0031,14.2462,0.2397,4.9496,481.1374,0.8573,0.8649,0.2389,0.0006,0.6242,0.0066,1.0266,24.0877,15486.7011,33593.1779,0.0031,3.1947,0.677,0.0013,21.7101,0.0006,0
0.093,4818.9409,9.4974,3.9093,0.8202,0.0265,0.0003,2.1477,0.0305,0.0025,22.3788,0.4118,6.0795,753.6025,2.0869,0.2791,0.0351,0.0004,0.9792,0.0035,0.9332,28.13,12184.033,24933.3948,0.0029,0.7774,0.0558,0.0004,20.7811,0.0004,0
0.1874,4602.742,20.3289,20.5622,0.8401,0.0809,0.0031,17.2507,0.0264,0.0029,40.6929,0.1075,9.1649,2862.6903,1.1946,0.8532,0.1604,0.0008,0.4798,0.0057,1.9933,23.4895,25393.0768,128609.976,0.0038,3.9163,0.7912,0.0026,20.3434,0.0006,1
0.1214,3966.3005,11.6778,8.3973,0.7018,0.0331,0.0005,4.6998,0.0254,0.0023,15.6414,0.1839,4.4654,726.5893,0.7605,0.2359,0.0444,0.0004,0.6203,0.0014,1.2957,23.1192,16878.1654,52121.3887,0.0027,1.1308,0.1286,0.0009,20.1245,0.0003,0
0.1092,5113.0517,8.9883,6.1304,0.7289,0.0326,0.0006,4.2558,0.0293,0.0025,15.1028,0.197,4.8009,511.3441,0.4087,0.4754,0.09,0.0005,0.9119,0.0033,1.0082,25.8586,12695.3905,31059.8754,0.0021,1.12,0.1265,0.0006,20.7585,0.0003,0
0.1633,5191.862,18.8105,14.6481,0.8,0.0709,0.0028,17.8005,0.023,0.0027,59.8112,0.1977,15.5071,3486.045,0.9332,0.5976,0.109,0.0007,0.3622,0.0038,1.9403,26.5019,24844.1059,118894.0765,0.0028,2.5089,0.4595,0.0018,16.4737,0.0004,1
0.1688,2785.3243,18.32,14.424,0.6298,0.0245,0.0006,7.3272,0.0183,0.0022,24.7643,0.1371,6.773,1378.7708,0.5668,0.1403,0.0259,0.0003,0.4199,0.0009,1.5783,16.8779,21344.1495,87224.3568,0.0021,0.6576,0.0914,0.0009,13.5683,0.0002,0
0.1402,4629.9845,12.9216,8.4535,0.6979,0.0423,0.0005,4.2225,0.0246,0.0028,14.8177,0.134,4.607,677.6062,0.8222,0.34,0.0606,0.0004,0.4758,0.0026,1.1792,20.9229,16040.6038,52396.9075,0.0025,1.4668,0.1237,0.0008,16.0609,0.0004,0
0.0996,3516.1796,10.7052,5.6374,0.5456,0.0309,0.0004,3.754,0.0307,0.0025,8.8289,0.152,2.6264,344.3042,0.713,0.3113,0.0405,0.0003,0.5814,0.0014,1.0097,17.7561,12534.7246,33680.6961,0.0022,1.2706,0.1438,0.0007,24.9867,0.0003,0
0.1125,3131.4311,11.0715,6.2814,0.6884,0.0344,0.0008,3.8647,0.017,0.0025,19.7096,0.1592,4.1616,675.1632,1.0217,0.6038,0.1455,0.0008,0.7002,0.0039,1.0516,15.069,13420.0495,33980.8698,0.0024,1.0331,0.1524,0.0007,12.6406,0.0003,0
0.113,6132.822,10.6366,6.3061,0.4928,0.0162,0.0002,0.5594,0.028,0.0025,6.5907,0.1234,2.4249,246.1935,0.4904,0.2458,0.0427,0.0001,0.5039,0.0015,0.9368,26.0126,13400.491,31321.7302,0.002,0.9098,0.1091,0.0002,22.6328,0.0003,0
0.0993,2786.3889,9.1068,4.2389,1.2701,0.1074,0.0012,9.243,0.0351,0.0036,22.1533,0.1456,6.1949,643.4101,1.3793,0.7123,0.0816,0.001,0.7986,0.0079,0.9124,16.0412,11279.7906,21107.5257,0.0043,2.0886,0.1885,0.0011,21.9104,0.0006,0
0.126,3731.2549,13.1398,7.7767,0.7052,0.0371,0.0004,3.9727,0.0264,0.0024,7.8147,0.1298,2.2471,331.3843,0.3637,0.2061,0.0387,0.0004,0.5912,0.0015,1.1052,19.175,15393.9016,41679.1454,0.0024,1.2518,0.1748,0.0009,24.1346,0.0003,0
0.1326,6546.2959,16.2504,11.4131,0.7818,0.086,0.003,17.0407,0.0309,0.0027,13.457,0.162,5.1141,630.5178,0.641,0.8069,0.1844,0.0007,0.6464,0.0046,1.4997,37.4367,23615.8947,62557.1819,0.0031,5.3033,0.9858,0.0024,27.46,0.0007,1
0.1208,5382.8131,10.6107,6.6062,0.6599,0.0451,0.0015,6.987,0.0197,0.0027,12.1588,0.3807,4.1046,495.498,1.0745,0.4912,0.1331,0.0006,0.4551,0.0037,1.0999,32.9992,13230.0549,33456.4775,0.0026,1.7657,0.3434,0.001,16.1168,0.0004,0
0.1217,5866.4769,12.1813,8.0639,0.6708,0.0222,0.0003,3.6533,0.0243,0.0023,11.2745,0.1839,2.8478,538.2926,0.7439,0.1352,0.0365,0.0003,0.4177,0.0014,1.2198,30.2677,14595.1493,47129.1594,0.0028,0.7521,0.1187,0.0007,17.97,0.0003,0
0.1063,3731.7331,11.4911,6.3837,0.7777,0.0263,0.0005,4.4978,0.0227,0.0024,21.636,0.3334,7.3505,898.8371,0.8827,0.2258,0.062,0.0006,0.4305,0.0027,1.1635,20.8747,13400.1325,38790.0842,0.0025,0.6788,0.097,0.0008,12.2338,0.0003,0
0.1148,3895.8583,11.3929,6.646,0.8215,0.0398,0.0003,3.4791,0.0262,0.0027,14.9508,0.2696,4.4802,600.6587,0.9813,0.2935,0.0269,0.0004,0.7998,0.0027,1.0305,21.8753,14284.3505,38464.884,0.0031,1.1912,0.0731,0.0007,18.6264,0.0003,0
0.1273,4003.1435,12.8798,8.0573,0.5085,0.0354,0.0005,3.3022,0.0299,0.0024,13.5809,0.173,4.5995,547.7387,0.4623,0.6122,0.0753,0.0005,0.815,0.0029,1.1462,20.8377,14719.635,43159.6802,0.0021,1.579,0.1471,0.0007,22.2924,0.0003,0
0.2278,6234.0273,23.3827,26.3741,0.7322,0.0757,0.0025,21.7583,0.0279,0.0027,51.9651,0.1252,14.7339,4378.7239,0.8827,0.489,0.1069,0.0008,0.518,0.0021,2.5405,29.0422,32517.6164,213426.1574,0.0032,2.7849,0.525,0.0025,22.5398,0.0004,1
0.1406,3749.8466,14.7065,9.273,0.5261,0.0236,0.0003,2.1588,0.0274,0.0023,8.0071,0.0831,2.7372,400.5125,0.4656,0.2113,0.0244,0.0002,0.4189,0.0015,1.2462,19.8424,14594.834,48940.6821,0.002,1.4802,0.1358,0.0007,19.7233,0.0004,0
0.1401,4618.4765,14.0685,10.3032,0.5969,0.0631,0.0018,11.2321,0.0263,0.0031,50.2037,0.2337,9.2448,2248.9495,1.0845,1.6132,0.2616,0.0012,1.2164,0.0188,1.1967,19.7351,18226.9267,59634.4365,0.0019,1.545,0.1877,0.0011,15.7379,0.0004,0
0.2383,3878.0862,23.9954,31.12,0.8995,0.1087,0.0043,33.1083,0.0298,0.0026,56.0927,0.1237,15.9997,4401.7707,0.8442,0.7198,0.0944,0.0006,0.7244,0.0024,2.7521,20.3894,38532.7928,229519.73,0.0034,3.9552,0.5798,0.0029,26.1278,0.0003,1
0.0951,3331.8093,9.9965,4.9064,0.6972,0.0407,0.0004,3.3324,0.0251,0.0029,16.2997,0.3178,5.6252,564.7632,2.4562,0.7119,0.0585,0.0006,1.1293,0.0053,0.8675,16.9219,11726.7407,25135.1447,0.0029,1.1317,0.0655,0.0004,16.8649,0.0004,0
0.1197,6531.8189,12.0897,8.3355,0.6561,0.0156,0.0003,2.5001,0.0232,0.0022,13.3126,0.1823,3.0529,542.4763,1.1953,0.199,0.0276,0.0004,0.5419,0.0013,1.1369,33.8817,14865.2382,38749.8773,0.0026,0.6998,0.0883,0.0007,15.6944,0.0003,0
0.1353,3168.7859,13.0403,8.4192,0.7034,0.0371,0.0011,6.1313,0.0292,0.0026,14.1149,0.1075,3.986,600.0149,1.2346,0.2991,0.0775,0.0004,0.8627,0.0024,1.253,18.576,16779.8263,48018.9985,0.0029,1.713,0.2631,0.001,27.3856,0.0004,0
