age,lead_days,prior_noshow,distance_km,reminder_called,noshow
65,7,0,4.3,1,0
31,7,0,2.8,0,0
66,17,1,5.4,1,0
19,28,0,1.7,1,1
41,13,0,5.9,1,0
28,22,0,5.9,1,0
68,24,0,3.8,0,1
25,14,1,8.4,0,0
58,15,0,2.9,0,0
21,21,1,10.5,1,1
21,7,1,7.4,0,0
35,26,0,3.5,0,1
52,29,0,3.7,1,0
68,16,0,12.1,1,0
63,17,0,5.0,0,1
74,13,0,2.6,1,1
71,6,1,2.7,0,1
31,29,0,7.8,0,1
56,24,1,5.9,1,1
61,23,0,3.1,1,0
59,21,0,5.1,0,0
35,28,0,3.5,1,1
25,30,1,2.7,0,1
61,17,0,7.9,0,0
31,21,0,4.4,0,1
30,23,0,7.3,0,1
74,10,2,10.8,0,0
64,2,2,2.5,0,1
20,27,0,4.8,0,1
53,24,0,1.8,1,1
47,13,0,1.9,1,0
53,24,0,3.2,1,0
49,22,0,1.3,1,0
72,22,0,0.9,1,0
27,19,0,3.1,0,0
31,3,0,3.3,1,0
20,27,0,9.1,0,0
44,26,0,5.1,1,0
65,21,0,4.6,1,0
41,26,0,3.0,1,0
18,28,0,1.3,0,1
18,18,0,7.7,0,0
36,30,0,2.3,1,0
49,11,0,5.8,1,0
20,24,1,5.0,1,1
53,25,1,7.7,1,0
54,1,1,2.0,1,0
73,10,0,4.7,1,0
28,13,0,5.6,0,0
53,20,1,2.8,1,1
45,26,0,9.8,1,0
29,8,0,5.6,0,0
23,16,0,7.1,1,0
60,15,0,7.5,1,0
54,23,0,3.0,1,1
39,16,2,8.7,0,1
38,18,0,2.9,1,1
18,2,1,5.0,1,1
46,28,1,8.6,1,1
59,22,0,4.0,1,1
32,29,0,6.3,1,0
35,28,0,12.5,1,1
67,16,1,6.3,0,0
71,25,0,5.0,1,1
55,29,2,3.4,0,1
40,16,0,4.4,1,0
40,7,1,6.9,0,1
47,1,1,2.1,1,0
24,14,0,4.7,1,1
50,13,1,6.2,0,0
31,5,0,9.4,1,0
38,23,1,6.4,0,1
77,24,0,6.1,0,1
18,4,0,3.4,1,0
75,29,0,6.0,1,0
32,8,0,6.1,1,0
42,11,1,3.3,1,0
71,8,0,11.4,0,1
62,27,0,3.6,0,0
72,11,0,4.9,1,0
64,20,1,14.2,0,0
26,8,1,6.1,0,1
21,21,0,16.9,1,0
29,21,1,5.6,1,0
48,1,0,8.2,1,0
46,13,0,8.6,0,0
73,10,0,13.2,0,0
25,3,1,3.3,0,0
26,2,1,4.2,0,0
19,6,0,3.7,1,0
55,24,0,6.9,1,0
64,12,2,10.5,1,1
53,7,1,7.0,1,0
40,19,0,4.1,1,0
47,22,0,9.9,0,1
65,28,0,8.6,1,0
70,21,1,8.5,0,1
18,30,1,2.8,0,0
69,4,0,2.0,0,0
24,3,0,9.3,0,0
37,18,1,14.4,0,1
67,19,1,2.7,1,0
43,23,0,8.7,0,1
40,27,0,6.0,1,1
62,7,0,5.5,1,0
69,16,1,8.9,1,0
24,16,1,1.0,0,1
27,1,0,4.8,0,0
25,14,0,4.8,1,0
34,15,0,4.3,1,0
59,21,1,2.2,0,1
31,7,2,2.6,0,1
40,7,0,4.4,0,0
37,19,0,3.5,0,1
43,19,1,4.5,1,1
41,18,0,11.0,1,1
62,29,0,7.2,0,1
50,17,1,1.6,0,1
69,27,0,7.7,0,0
46,23,1,8.2,1,0
75,22,1,7.4,0,1
65,24,0,3.5,1,0
66,26,1,4.1,0,0
51,28,0,1.2,1,0
20,29,1,3.9,1,0
65,27,1,13.4,1,1
40,16,1,6.5,1,0
52,8,0,4.7,0,0
72,30,0,7.2,1,0
36,5,1,7.3,0,0
50,24,0,3.2,1,0
67,27,0,9.0,0,1
67,11,0,7.9,0,0
25,4,0,2.4,0,0
60,10,0,1.5,0,0
30,23,1,29.7,0,1
37,4,0,5.3,1,1
43,4,1,4.1,1,0
25,15,0,22.6,1,0
31,17,2,14.8,1,1
56,26,0,3.4,1,0
32,27,1,5.7,0,1
55,4,1,8.8,1,0
31,13,0,6.5,1,1
21,3,2,2.4,1,1
41,21,0,4.7,1,0
54,25,0,1.2,0,0
43,23,1,6.4,0,0
70,17,1,15.8,0,1
43,21,1,10.7,0,1
58,30,0,3.6,0,0
20,11,1,5.4,0,0
53,1,0,2.6,0,0
77,21,1,0.6,1,0
40,3,0,1.6,1,0
56,19,1,14.8,1,1
60,9,0,8.5,0,0
48,19,0,6.3,0,0
47,24,0,7.1,0,1
71,22,0,10.7,0,1
61,5,0,0.9,1,0
23,27,2,0.3,1,1
24,21,1,2.3,1,1
79,16,2,2.5,1,1
67,22,1,5.1,1,0
79,28,0,3.6,0,0
74,19,1,5.4,1,1
61,9,0,3.4,0,0
57,21,0,6.0,0,0
24,27,0,19.4,0,1
76,5,0,9.3,0,0
33,23,0,4.9,0,1
57,22,0,6.3,1,0
76,30,0,15.7,1,0
53,24,2,1.6,1,1
36,4,0,3.6,1,0
72,7,0,13.8,1,0
38,5,1,2.4,1,0
79,3,1,5.7,1,0
44,10,0,2.0,1,0
77,26,0,6.0,1,1
79,28,1,3.7,0,1
29,13,0,9.3,0,0
36,9,0,2.1,0,0
72,12,0,7.1,0,0
49,22,0,1.4,0,1
35,22,0,2.7,1,0
63,28,1,6.7,0,1
24,9,0,9.6,0,0
51,20,0,15.7,0,1
48,9,0,4.1,1,0
78,12,0,8.4,1,0
30,2,0,10.2,1,0
25,25,0,1.3,1,0
32,30,1,2.6,1,1
57,11,1,1.0,0,0
73,30,1,4.5,0,1
31,9,0,8.7,1,1
43,10,0,9.9,1,0
36,14,1,0.3,1,0
63,8,0,3.8,1,0
49,8,0,12.4,0,0
34,27,2,3.5,0,1
30,4,1,7.6,0,0
41,27,0,2.8,0,1
22,23,0,4.9,1,0
57,28,1,3.2,0,1
23,5,0,7.1,0,0
29,25,1,1.2,1,1
73,19,0,7.6,0,1
23,12,0,7.9,1,0
26,13,1,6.9,1,0
29,20,1,3.2,1,1
64,22,1,2.3,0,1
66,30,0,7.3,1,0
71,14,0,4.5,0,0
42,23,0,1.6,0,0
66,9,0,2.0,0,0
58,10,1,22.7,0,1
64,2,0,3.9,1,0
18,22,0,5.8,1,0
39,21,3,10.2,1,1
29,12,0,18.4,1,0
18,22,0,2.3,0,1
23,21,1,3.8,0,1
37,12,0,2.1,0,0
57,22,0,4.8,0,0
26,19,1,2.4,0,1
59,6,2,13.1,0,1
36,6,0,5.8,1,0
47,27,0,2.2,0,1
68,13,0,12.0,0,0
40,7,0,11.2,1,0
52,3,1,10.6,1,0
73,4,0,13.7,1,0
39,14,1,1.6,1,0
62,24,0,1.7,0,1
32,30,0,1.7,0,1
52,17,0,1.9,0,1
40,27,0,1.5,0,0
52,25,0,2.5,1,0
28,12,0,13.5,0,1
45,26,1,4.1,0,1
62,24,0,1.6,1,0
48,4,0,2.6,0,0
42,14,0,6.0,0,1
46,30,1,2.9,1,1
67,15,0,3.7,0,0
19,10,0,4.6,1,0
54,28,0,22.1,1,1
34,10,0,6.3,1,0
79,16,0,13.3,1,0
40,1,1,18.1,0,1
70,27,0,7.5,1,0
44,29,1,4.3,0,1
73,4,1,22.4,0,0
20,18,2,0.6,0,1
56,12,1,5.8,1,0
23,25,1,5.3,0,0
29,2,0,5.1,1,0
71,19,0,2.2,0,0
73,22,1,10.1,1,1
47,2,0,7.7,1,0
30,29,1,1.8,1,0
37,28,0,5.1,1,1
62,11,0,5.1,0,1
27,5,0,2.1,0,0
19,28,1,4.9,0,1
37,24,0,7.3,0,1
22,23,0,5.7,0,1
72,14,0,5.1,1,0
31,16,0,2.1,1,0
41,11,0,1.6,1,0
72,10,0,3.5,1,0
54,19,0,4.9,1,0
24,24,0,2.6,0,0
58,5,1,2.6,1,0
39,4,0,2.6,1,0
77,8,3,4.0,1,1
38,21,0,1.4,1,0
63,24,0,3.3,0,0
24,18,1,5.5,0,0
57,26,0,4.6,0,1
66,18,0,7.2,1,0
61,22,1,11.6,1,1
54,25,0,6.3,1,0
60,23,0,8.7,0,1
68,6,0,7.5,0,0
23,28,0,3.3,0,0
22,30,0,5.7,0,0
26,18,0,6.7,1,0
28,1,0,5.3,1,0
47,22,1,3.6,0,1
69,19,0,12.6,1,0
25,1,1,2.9,1,0
38,5,2,1.4,0,1
58,22,1,6.5,1,0
64,1,0,26.0,0,1
68,28,1,1.8,0,1
39,14,0,1.8,1,0
22,19,0,3.0,0,0
40,9,0,7.8,1,0
61,27,0,7.8,0,0
63,18,0,5.2,1,0
37,28,0,4.0,1,0
57,13,0,17.5,1,0
49,2,0,6.9,1,0
60,9,0,1.5,1,0
67,13,2,1.8,1,0
26,2,0,2.0,1,0
41,26,0,9.2,0,1
34,9,0,1.6,0,0
61,2,0,5.7,1,0
36,17,0,1.5,1,0
24,16,1,2.4,1,0
72,24,0,1.5,1,0
66,6,0,8.6,1,0
54,20,0,5.4,1,0
46,4,0,9.0,0,0
19,8,0,7.8,1,0
47,26,1,1.4,0,1
28,17,0,6.6,0,0
57,21,0,2.7,1,0
21,18,0,1.6,0,0
33,24,0,10.2,0,1
24,9,0,9.6,1,1
39,13,1,6.6,0,0
65,5,0,8.8,1,0
31,29,0,16.8,0,1
47,3,0,2.3,0,0
46,6,0,8.6,1,0
79,1,0,4.8,1,0
46,21,0,15.3,1,1
69,14,1,3.2,0,1
19,11,0,10.5,0,1
39,5,2,8.9,0,0
34,24,1,6.3,0,0
49,26,1,6.6,1,0
36,11,0,1.0,0,0
36,4,1,3.2,1,0
69,23,0,3.0,1,0
30,16,0,6.4,0,0
67,3,1,10.9,1,0
35,28,1,2.6,0,1
69,22,0,6.4,0,1
78,28,0,9.2,0,0
45,23,0,5.7,0,1
51,2,0,3.2,1,0
62,12,0,9.2,1,0
69,5,0,6.7,0,0
60,15,0,9.4,1,0
49,29,1,11.1,1,1
70,21,2,3.5,0,1
42,10,2,1.9,1,0
34,5,1,1.9,0,0
79,2,0,5.9,0,0
33,3,0,1.2,0,0
68,14,0,4.8,0,1
76,16,1,2.6,1,0
78,30,0,7.5,1,0
30,11,0,3.0,1,0
28,26,0,5.9,0,1
23,24,1,5.1,0,0
19,11,0,1.4,1,0
22,3,0,3.2,1,0
28,21,1,1.4,1,0
69,1,3,6.6,0,1
46,1,0,4.5,1,0
42,14,0,7.7,0,0
65,10,1,9.9,0,0
31,26,0,9.9,1,0
52,2,0,9.1,1,0
79,8,1,4.9,0,0
56,21,0,8.1,1,0
29,8,0,0.1,1,0
78,9,0,2.9,1,0
22,3,0,1.5,1,0
49,11,1,4.0,1,0
25,30,0,1.6,0,1
23,29,1,1.0,1,1
63,21,1,12.5,0,1
19,26,0,7.3,1,1
74,9,1,4.0,0,1
30,27,0,4.1,1,0
78,24,0,21.8,0,1
61,5,0,4.9,1,0
23,21,0,11.7,1,0
21,12,1,14.9,1,1
65,4,0,5.1,1,0
26,2,1,5.2,0,0
50,12,1,6.2,0,0
79,1,1,3.3,0,0
52,7,0,2.2,1,0
70,1,1,10.4,0,0
32,2,0,5.1,0,0
38,30,1,6.1,1,0
20,2,0,2.6,0,0
25,11,0,5.5,1,0
51,21,0,4.0,0,0
41,7,1,11.7,1,1
43,29,3,12.8,0,1
56,10,0,4.5,1,0
57,7,1,13.5,1,1
34,28,1,4.7,1,1
47,4,0,0.5,1,0
43,2,0,15.2,0,0
58,27,1,5.3,1,0
41,9,1,14.1,0,1
74,12,0,2.4,1,0
22,22,0,10.7,1,1
23,26,1,5.2,0,1
65,18,0,3.1,1,0
28,1,1,2.3,0,0
44,8,0,12.3,0,0
27,5,0,3.4,1,0
65,22,0,8.1,1,0
55,16,2,7.8,0,1
47,11,0,3.8,0,0
57,17,0,5.7,0,0
60,11,0,5.0,0,0
63,30,0,4.0,0,1
34,30,0,5.0,0,0
51,1,0,6.3,0,0
21,23,0,2.6,1,0
76,12,0,5.8,0,0
23,30,0,2.4,0,1
75,25,0,2.9,0,1
57,7,0,8.5,1,0
36,21,0,8.2,1,1
75,30,0,9.4,0,0
38,16,1,4.0,1,1
44,28,0,8.0,1,0
40,9,0,2.5,1,0
39,2,0,5.2,1,0
78,22,0,2.8,0,0
52,6,1,1.9,1,0
25,30,0,2.0,1,0
67,28,1,3.2,1,1
65,3,0,3.5,0,0
40,20,0,0.4,1,0
73,18,1,4.7,1,0
48,13,0,4.2,1,0
21,5,1,7.1,1,0
51,5,0,3.0,1,0
71,2,0,1.0,0,0
44,6,1,5.0,1,0
49,28,0,4.8,0,1
25,23,0,1.8,1,0
72,9,2,3.6,0,0
34,25,2,5.6,1,1
72,22,0,3.3,1,0
20,20,2,8.5,0,1
48,27,0,3.6,0,0
61,30,0,2.6,1,0
48,4,0,8.9,0,0
79,11,0,7.0,0,0
34,18,0,8.5,0,0
63,28,0,8.8,0,0
19,29,0,1.8,0,1
26,29,0,6.4,0,1
39,4,0,1.5,0,0
70,28,1,1.0,1,1
22,21,0,4.5,0,1
36,3,1,2.6,0,0
61,28,1,3.9,1,1
32,19,1,3.6,1,0
54,30,0,4.3,1,0
55,1,0,8.7,0,0
38,29,0,13.3,0,1
76,12,0,4.4,0,0
53,18,1,3.5,0,0
59,3,0,10.3,1,0
28,13,1,10.3,1,1
35,10,0,5.1,1,0
26,9,0,4.8,0,0
28,19,0,17.5,1,0
50,19,0,8.8,0,0
76,5,1,3.6,1,0
50,1,0,0.1,1,0
37,23,0,7.3,0,1
52,19,1,2.8,1,0
50,30,1,5.5,1,1
44,9,0,18.3,0,0
38,23,1,11.2,0,1
68,2,1,3.4,0,0
75,13,1,1.7,0,0
18,27,0,8.8,1,1
20,3,0,10.0,0,1
50,13,0,8.9,0,1
36,2,1,5.3,1,0
61,22,0,3.6,0,1
34,30,1,2.5,1,1
63,13,2,1.2,1,0
44,12,0,5.9,0,0
62,26,0,13.2,0,1
79,12,0,2.0,1,0
55,5,0,1.5,1,0
40,12,0,1.7,1,0
49,11,1,4.2,0,0
70,9,0,0.8,1,0
25,15,0,7.4,0,1
30,16,1,1.9,0,1
35,15,2,4.1,1,1
72,16,1,3.7,0,0
55,7,0,4.2,1,0
64,30,1,6.2,1,1
61,24,0,4.7,0,0
25,9,1,4.7,0,0
64,26,2,7.5,0,1
76,5,0,6.4,1,0
30,19,0,4.3,0,0
68,8,0,3.4,0,0
19,22,0,2.9,0,0
27,16,1,2.1,1,0
27,13,0,5.8,0,0
47,27,1,8.2,1,1
18,11,0,11.9,0,0
40,1,0,3.7,0,0
36,7,0,5.8,0,0
22,3,2,4.1,1,1
36,17,1,6.5,1,1
43,19,0,5.7,0,0
40,12,0,1.9,1,0
69,15,0,1.2,1,0
50,8,1,1.6,1,0
75,15,2,7.7,0,1
68,21,0,17.2,1,0
33,14,0,4.6,1,0
61,13,0,4.1,1,0
61,20,0,11.4,0,0
23,20,0,4.8,0,1
51,15,0,5.1,1,0
58,13,1,11.6,0,0
23,4,0,1.0,0,0
59,2,1,2.6,0,0
47,15,0,2.8,1,0
34,27,0,8.2,0,0
44,9,0,5.2,1,0
59,13,1,12.4,0,0
54,5,0,13.2,1,0
64,15,0,4.9,1,0
53,20,2,1.2,1,1
39,25,1,10.8,1,1
66,24,0,7.7,1,0
64,25,0,3.4,0,0
20,1,0,2.9,0,0
40,1,1,8.3,0,0
61,14,0,8.4,0,1
24,4,1,3.3,0,0
35,25,1,2.8,0,0
65,12,0,21.4,1,0
40,22,0,10.1,0,1
63,28,0,3.2,1,0
50,16,1,6.2,0,1
59,27,0,9.0,0,1
66,29,0,9.3,0,0
64,17,0,16.0,1,0
35,14,1,3.2,1,0
54,3,1,15.9,1,0
27,5,2,9.4,0,1
23,14,2,0.6,1,0
47,20,0,1.0,0,1
68,1,0,23.0,0,0
25,22,0,0.9,1,1
60,22,0,4.3,1,0
48,1,0,1.8,1,0
65,12,0,2.7,1,0
53,28,0,1.9,1,0
56,26,1,5.3,0,1
71,9,0,10.0,0,0
63,15,0,10.4,1,0
21,24,0,3.3,1,0
63,23,0,7.3,0,0
64,29,1,20.9,0,0
47,29,0,6.1,1,1
71,10,2,13.0,0,1
40,16,0,0.7,0,0
27,21,0,2.1,0,1
77,21,0,2.3,0,0
29,23,1,5.2,1,0
76,17,1,6.7,1,0
18,7,0,6.5,1,0
74,16,0,1.6,0,0
47,5,0,10.4,0,1
60,25,0,8.3,1,1
32,27,0,5.8,0,1
39,2,1,11.1,1,0
25,22,0,3.8,1,0
68,10,0,2.6,1,0
58,4,1,4.5,1,0
34,16,0,7.5,1,0
73,30,0,2.4,1,0
73,10,0,12.9,0,1
65,4,1,3.9,0,0
74,30,1,8.3,0,0
58,23,0,5.0,0,1
41,1,0,3.8,1,0
62,24,1,10.1,1,0
71,27,1,4.7,1,0
21,28,0,5.5,1,1
