feature1,feature2,target
-0.0094,2.5313,1
-0.3159,-0.4179,0
-0.5511,-0.1075,0
2.2605,-0.5387,0
-0.7658,-0.2529,0
0.5972,0.5010,0
0.0931,0.2353,0
2.2566,0.8409,1
-1.6029,-0.9146,0
2.0469,2.3688,1
-0.4909,0.8175,0
1.5980,-0.5519,1
1.0639,0.8053,1
1.6161,2.5323,1
1.6537,2.4408,0
2.8449,0.8918,1
3.2073,2.3903,1
0.1752,1.0785,1
0.8378,0.0175,0
0.6737,0.0446,0
-0.4266,-0.4817,0
2.0488,0.7519,1
1.3720,1.8158,1
0.7052,2.0532,1
-0.0017,0.9780,0
1.3011,2.6456,1
2.3266,1.4741,1
1.9406,0.5584,1
1.9109,1.9906,1
2.1432,1.7248,1
-0.4756,-0.2279,0
1.3200,1.5394,1
-0.0013,-0.4740,1
1.4740,1.8437,1
2.5563,-0.2672,1
-0.8592,-0.0629,0
0.4737,-1.5169,0
-1.2604,-1.1858,0
0.2664,-1.9846,0
0.8469,2.2590,1
-0.5171,0.1435,0
0.2054,1.5688,0
1.9396,0.5848,1
3.1100,2.0862,1
-0.8546,-1.1506,0
0.6167,-2.3399,0
-1.7580,1.2360,0
-1.5570,-0.3845,0
0.7442,0.4973,0
1.2506,3.6508,1
-0.1252,-0.0048,0
1.7658,2.8728,1
0.0571,0.5410,0
1.2838,-0.9982,0
0.9681,1.9382,0
2.1640,1.2088,1
-0.1218,0.0019,0
2.2394,0.5615,1
0.2517,2.4481,1
2.9968,1.1316,1
0.2102,-2.9610,0
0.3168,1.8703,1
2.2809,-0.0503,0
0.7763,-0.1194,0
1.5856,-0.1285,0
0.3769,-1.3089,0
1.7191,1.2248,1
0.1994,-1.0776,0
1.2909,-0.4374,0
0.9854,1.6798,1
-0.6604,0.7844,0
0.3422,0.1103,0
2.6379,2.1718,1
0.8511,2.1279,1
1.5749,-0.5900,1
0.4914,0.8246,0
0.8379,-0.2996,0
0.3639,0.9208,0
1.8172,2.4153,1
3.5258,2.7953,1
-0.9408,0.6096,0
0.9655,1.2356,1
0.8517,1.9176,1
-0.6812,0.4364,0
-0.4549,0.0365,0
2.0563,2.0302,1
2.0034,2.1429,1
2.3450,2.2282,1
1.0595,3.4421,1
0.7912,-0.1459,0
0.0222,1.3556,0
1.4975,1.8169,1
1.5156,1.1064,0
-0.4257,1.9556,0
1.1219,4.5030,1
-1.1135,-0.7644,0
-0.5199,-0.8118,0
-1.2979,1.4969,0
-0.0466,0.9978,0
1.6798,1.8887,1
0.5513,0.3066,0
1.2655,0.7753,1
1.1173,0.8674,1
2.5019,0.3372,1
1.7184,2.1404,1
1.2075,0.7973,1
-0.7897,0.8994,0
1.4003,0.8220,0
1.8143,0.1068,1
2.5454,1.8591,1
-1.6969,0.8258,0
1.8639,1.5553,1
1.2207,1.2757,1
-1.4866,-1.5961,0
0.2878,1.4816,1
0.4927,-1.5096,0
-1.2012,-0.7404,0
1.9503,-0.8614,0
1.8884,-0.5374,0
-1.0649,0.0165,0
1.0206,0.2252,1
-1.0235,0.6263,0
0.6075,1.2348,1
1.5363,1.9386,1
0.7450,0.2765,1
-1.3928,-0.5971,0
0.7231,1.2171,1
0.3559,2.4163,1
2.3975,0.2543,0
2.6608,2.2679,1
2.2903,1.2391,1
-0.8171,2.5519,1
-0.6316,0.4832,0
0.7035,1.7484,0
0.8905,1.7326,0
1.6444,2.1776,1
0.6000,1.4921,0
-0.4903,-0.3998,0
0.7809,2.9823,0
-0.2132,-0.0066,0
0.5000,-0.0193,1
1.4890,0.4015,0
1.7906,2.3566,1
0.3434,0.5246,0
0.5124,1.8894,1
2.3301,-1.3398,0
0.0357,0.2040,0
0.1223,-1.8954,0
1.8349,0.3251,1
0.6654,0.2242,1
1.8821,0.4360,1
-0.3988,-0.7479,0
-0.2152,1.7993,0
0.8852,0.4606,0
0.0469,1.7908,0
-1.1340,-1.3721,0
-1.7184,0.5928,0
1.4164,-0.3947,0
-0.1962,-1.1300,0
0.7452,3.1866,0
1.9977,2.0341,1
0.9991,0.7878,1
1.5586,-0.9414,1
-1.9525,0.4902,0
2.7423,2.9085,1
0.7500,0.2325,1
-1.2365,-0.1586,0
0.4293,-1.6224,0
0.5573,0.3880,1
0.0224,-0.9147,0
0.7808,0.3871,0
-0.9086,1.3349,0
-0.2184,-1.8614,0
3.6745,1.3194,1
0.5746,-0.1148,0
2.1812,-0.3121,1
0.8304,0.7023,1
-0.3902,2.0519,0
0.9087,2.8753,1
2.2263,2.3534,1
-0.1133,-0.7269,0
-0.7818,-0.1177,0
-2.1904,1.7072,0
2.7271,1.5607,1
2.3221,0.2781,1
1.4389,3.7277,1
2.0671,2.1536,1
2.6105,0.4893,1
3.2923,1.4674,1
1.1471,3.1091,1
2.9165,2.3005,1
0.5038,1.4877,0
-0.5272,1.9695,0
2.0793,1.4608,1
-0.1732,-0.6001,0
1.3753,1.1833,1
1.1202,0.4896,1
-2.5255,-1.7418,0
-0.0816,-0.8552,0
2.3043,1.4835,1
