doc_id,text,dept
D001,门诊记录：血糖偏低。,呼吸科
D002,出院小结：心肌梗死；会诊意见：2型糖尿病；急诊留观：抗凝治疗。,消化内科
D003,入院记录：上消化道出血。,神经内科
D004,入院记录：血糖控制不佳；急诊留观：慢性肾脏病。,肾内科
D005,会诊意见：支气管哮喘。,内分泌科
D006,随访记录：2型糖尿病；入院记录：肺部渗出；入院记录：血糖偏低。,内分泌科
D007,出院小结：2型糖尿病。,呼吸科
D008,门诊记录：上消化道出血；门诊记录：癫痫。,消化内科
D009,会诊意见：抽搐发作。,消化内科
D010,门诊记录：降糖药二甲双胍。,内分泌科
D011,门诊记录：糖尿病；门诊记录：股骨颈骨折。,心内科
D012,入院记录：心梗。,内分泌科
D013,入院记录：哮喘。,消化内科
D014,入院记录：口服抗凝药。,消化内科
D015,入院记录：血糖偏低。,肾内科
D016,会诊意见：肺部渗出；随访记录：降糖药二甲双胍。,呼吸科
D017,出院小结：慢性肾脏病；入院记录：支气管哮喘。,神经内科
D018,随访记录：口服抗凝药；会诊意见：降糖药二甲双胍。,呼吸科
D019,随访记录：血糖控制不佳。,呼吸科
D020,会诊意见：急性心肌梗死。,内分泌科
D021,急诊留观：高血压病。,神经内科
D022,门诊记录：肺部感染。,心内科
D023,门诊记录：跌倒后髋部疼痛；急诊留观：癫痫。,心内科
D024,随访记录：心肌梗死。,肾内科
D025,会诊意见：低血糖；急诊留观：癫痫。,消化内科
D026,急诊留观：股骨颈骨折；会诊意见：哮喘。,心内科
D027,门诊记录：心肌梗死；出院小结：抽搐发作；随访记录：喘息发作。,呼吸科
D028,急诊留观：二甲双胍。,消化内科
D029,随访记录：跌倒后髋部疼痛；急诊留观：肺炎。,内分泌科
D030,入院记录：上消化道出血。,内分泌科
D031,随访记录：口服抗凝药。,呼吸科
D032,会诊意见：肌酐升高；急诊留观：二甲双胍。,消化内科
D033,急诊留观：癫痫。,心内科
D034,随访记录：哮喘。,肾内科
D035,出院小结：肺部感染；急诊留观：上消化道出血。,肾内科
D036,会诊意见：肺部渗出；门诊记录：上消化道出血。,神经内科
D037,出院小结：2型糖尿病；会诊意见：肌酐升高。,呼吸科
D038,急诊留观：2型糖尿病；随访记录：高血压；入院记录：痫性发作。,呼吸科
D039,出院小结：肺部渗出。,肾内科
D040,门诊记录：2型糖尿病；入院记录：华法林。,内分泌科
