minute_of_day,ambient,current,vibration,temp,temp_next
0,22.208,17.28,0.0,27.043,26.764
1,21.75,15.712,6.336,26.764,26.96
2,22.402,16.959,10.523,26.96,27.445
3,21.33,17.956,13.48,27.445,27.646
4,21.782,16.571,15.0,27.646,28.183
5,22.612,17.545,15.878,28.183,28.926
6,22.047,18.359,17.028,28.926,29.803
7,21.929,19.092,17.88,29.803,30.602
8,21.961,18.975,18.366,30.602,31.208
9,21.749,18.15,18.597,31.208,32.034
10,21.865,18.959,19.022,32.034,33.23
11,21.95,20.858,19.595,33.23,34.072
12,22.037,19.968,19.676,34.072,34.856
13,22.473,19.953,19.557,34.856,35.809
14,22.103,21.003,19.906,35.809,36.669
15,22.1,21.198,20.451,36.669,37.564
16,22.456,21.967,21.151,37.564,38.219
17,22.653,21.619,21.26,38.219,39.06
18,21.929,23.05,22.024,39.06,39.786
19,22.33,23.525,22.533,39.786,40.381
20,22.37,23.903,23.158,40.381,40.766
21,21.559,23.852,23.367,40.766,40.917
22,22.15,23.518,23.413,40.917,40.855
23,22.693,23.059,23.085,40.855,40.706
24,22.247,23.019,23.458,40.706,40.52
25,22.237,23.221,23.188,40.52,40.085
26,22.158,22.501,23.09,40.085,39.505
27,22.29,21.989,22.636,39.505,39.12
28,22.628,22.967,23.085,39.12,38.653
29,22.789,23.041,23.339,38.653,37.722
30,22.868,21.228,22.281,37.722,37.064
31,22.566,22.202,22.066,37.064,36.032
32,23.085,20.574,21.338,36.032,35.015
33,22.423,20.168,21.139,35.015,34.082
34,22.364,20.1,20.744,34.082,33.097
35,22.873,19.464,20.533,33.097,32.215
36,23.074,19.421,20.106,32.215,31.397
37,22.885,19.259,19.831,31.397,30.276
38,22.996,17.351,19.089,30.276,29.48
39,23.505,17.799,18.545,29.48,28.814
40,22.511,17.706,18.287,28.814,28.263
41,22.673,17.612,17.992,28.263,27.866
42,23.07,17.724,18.055,27.866,27.369
43,22.326,16.708,17.702,27.369,27.178
44,22.826,17.291,17.714,27.178,27.088
45,21.938,17.228,17.541,27.088,26.993
46,22.33,16.665,16.868,26.993,27.285
47,23.106,17.795,17.443,27.285,27.38
48,22.802,16.642,16.992,27.38,27.824
49,22.71,17.62,17.119,27.824,28.397
50,22.675,18.016,17.29,28.397,29.123
51,22.95,18.632,18.043,29.123,29.535
52,23.447,17.206,17.605,29.535,30.433
53,23.048,19.002,18.012,30.433,31.319
54,22.871,19.2,18.08,31.319,32.347
55,22.936,20.108,18.928,32.347,33.195
56,22.506,19.724,19.034,33.195,33.996
57,23.529,19.709,19.272,33.996,34.906
58,22.294,20.428,19.714,34.906,35.949
59,22.831,21.52,20.825,35.949,37.145
60,22.974,23.028,21.458,37.145,37.802
61,23.685,21.628,21.714,37.802,38.484
62,23.593,22.143,21.71,38.484,39.024
63,22.422,22.061,22.051,39.024,39.392
64,22.893,21.763,22.13,39.392,40.002
65,22.748,23.314,22.923,40.002,40.382
66,22.931,23.197,22.75,40.382,40.762
67,23.488,23.968,23.351,40.762,40.959
68,23.259,24.035,23.687,40.959,41.216
69,23.052,25.124,23.832,41.216,40.932
70,22.867,23.605,23.548,40.932,40.321
71,22.646,22.353,23.224,40.321,39.819
72,23.023,22.75,22.848,39.819,39.312
73,22.937,22.911,22.919,39.312,38.742
74,23.065,22.868,23.06,38.742,37.83
75,23.066,21.468,22.524,37.83,37.245
76,23.218,22.729,22.491,37.245,36.294
77,23.356,21.261,21.894,36.294,35.159
78,23.222,20.045,21.645,35.159,34.284
79,22.948,20.615,20.785,34.284,33.27
80,23.485,19.666,20.65,33.27,32.182
81,24.179,18.726,19.879,32.182,31.436
82,23.235,19.549,19.586,31.436,30.653
83,23.642,19.026,19.287,30.653,29.667
84,23.289,17.518,18.547,29.667,28.936
85,23.245,17.71,18.136,28.936,28.427
86,23.802,18.016,17.985,28.427,27.937
87,23.291,17.55,18.013,27.937,27.675
88,23.172,17.951,17.75,27.675,27.335
89,23.741,17.089,17.547,27.335,26.94
90,23.162,16.041,16.883,26.94,26.788
91,23.82,16.144,16.802,26.788,26.974
92,23.491,16.951,17.094,26.974,27.243
93,23.73,16.953,16.819,27.243,27.769
94,24.054,17.784,17.013,27.769,28.373
95,24.701,18.07,17.317,28.373,28.822
96,23.575,17.275,17.224,28.822,29.755
97,23.64,19.181,18.327,29.755,30.486
98,23.992,18.572,18.294,30.486,31.224
99,24.198,18.585,18.509,31.224,32.046
100,23.585,18.964,18.582,32.046,33.043
101,24.153,19.934,19.033,33.043,34.193
102,23.284,21.122,19.599,34.193,35.049
103,24.659,20.498,19.823,35.049,36.288
104,23.654,22.689,20.986,36.288,37.25
105,23.594,22.483,21.669,37.25,38.077
106,24.341,22.609,22.122,38.077,38.661
107,23.558,22.136,21.709,38.661,39.364
108,24.142,23.132,22.061,39.364,39.923
109,23.9,23.239,22.706,39.923,40.148
110,23.981,22.362,22.902,40.148,40.447
111,23.495,23.055,23.078,40.447,40.696
112,23.776,23.453,23.217,40.696,40.838
113,23.289,23.667,23.276,40.838,40.766
114,24.525,23.353,23.472,40.766,40.526
115,23.418,23.064,23.598,40.526,40.292
116,23.988,23.471,23.293,40.292,39.997
117,23.421,23.688,23.352,39.997,39.649
118,23.624,23.96,23.485,39.649,38.841
119,24.179,22.301,22.998,38.841,37.841
120,24.153,21.215,22.38,37.841,37.153
121,23.875,22.258,22.356,37.153,36.321
122,24.385,21.672,21.934,36.321,35.294
123,24.005,20.601,21.22,35.294,34.152
124,24.509,19.568,20.563,34.152,33.215
125,24.355,19.813,20.892,33.215,32.397
126,23.997,19.92,20.706,32.397,31.626
127,24.749,19.789,20.25,31.626,30.62
128,23.977,18.278,19.394,30.62,30.03
129,23.419,19.353,19.138,30.03,29.153
130,24.399,17.621,18.639,29.153,28.46
131,24.58,17.5,18.372,28.46,28.143
132,24.466,18.432,18.544,28.143,27.524
133,24.792,16.591,17.9,27.524,27.261
134,23.183,17.204,17.47,27.261,27.038
135,24.06,16.735,17.216,27.038,27.154
136,24.169,17.587,17.049,27.154,27.475
137,24.716,18.202,17.665,27.475,27.622
138,24.857,17.204,17.479,27.622,28.017
139,23.807,17.789,17.645,28.017,28.489
140,24.582,17.856,17.721,28.489,29.254
141,24.825,18.975,18.069,29.254,29.756
142,23.764,17.85,18.013,29.756,30.54
143,24.751,18.827,18.312,30.54,31.533
144,24.097,19.889,19.015,31.533,32.424
145,24.791,19.808,19.344,32.424,33.26
146,24.395,19.797,19.644,33.26,34.241
147,24.952,20.676,20.268,34.241,35.335
148,24.342,21.713,20.753,35.335,36.453
149,24.392,22.591,21.442,36.453,37.353
150,24.379,22.462,21.885,37.353,37.989
151,24.108,21.87,22.047,37.989,38.685
152,24.386,22.524,22.14,38.685,39.532
153,24.358,23.856,23.062,39.532,39.891
154,24.249,22.566,22.963,39.891,40.53
155,23.196,24.282,23.538,40.53,40.851
156,24.915,23.798,23.687,40.851,41.069
157,25.055,23.976,23.629,41.069,41.25
158,24.372,24.474,23.774,41.25,41.046
159,24.916,23.412,23.258,41.046,40.905
160,24.794,24.007,23.4,40.905,40.469
161,24.366,23.139,23.384,40.469,40.344
162,24.429,24.796,23.872,40.344,39.888
163,24.126,24.027,24.16,39.888,38.971
164,24.501,22.178,23.487,38.971,38.256
165,25.795,22.788,23.012,38.256,37.258
166,24.442,21.47,22.574,37.258,36.183
167,24.647,20.692,21.977,36.183,35.25
168,24.08,20.823,21.524,35.25,34.382
169,24.621,20.797,21.31,34.382,33.192
170,24.673,18.992,20.081,33.192,32.413
171,24.787,20.067,20.072,32.413,31.629
172,24.559,19.753,20.202,31.629,30.665
173,24.189,18.484,19.439,30.665,29.689
174,24.717,17.587,18.688,29.689,28.871
175,24.965,17.337,18.266,28.871,28.323
176,25.766,17.72,18.009,28.323,27.821
177,24.434,17.324,17.756,27.821,27.263
178,25.09,16.342,17.218,27.263,26.981
179,24.738,16.682,16.966,26.981,27.2
180,24.8,18.372,17.735,27.2,26.964
181,25.513,16.181,17.39,26.964,27.444
182,24.689,18.641,18.041,27.444,27.835
183,24.947,18.317,18.135,27.835,28.292
184,25.737,18.439,18.211,28.292,28.752
185,25.292,18.256,17.968,28.752,29.128
186,25.099,17.557,17.732,29.128,29.954
187,25.446,19.186,18.443,29.954,30.896
188,24.31,19.907,18.968,30.896,31.621
189,25.433,19.21,19.117,31.621,32.624
190,24.857,20.487,19.626,32.624,33.59
191,24.967,20.748,19.933,33.59,34.675
192,24.592,21.723,20.922,34.675,35.525
193,24.931,21.27,20.696,35.525,36.124
194,25.21,20.439,20.391,36.124,36.9
195,24.755,21.322,21.012,36.9,37.897
196,24.911,22.836,21.701,37.897,38.678
197,25.354,22.775,22.096,38.678,39.208
198,25.112,22.337,22.429,39.208,40.014
199,25.463,24.15,23.205,40.014,40.51
200,24.934,23.81,23.5,40.51,40.817
201,26.165,23.698,23.581,40.817,41.178
202,24.831,24.602,23.849,41.178,41.134
203,24.884,23.58,24.07,41.134,40.99
204,25.13,23.509,23.637,40.99,40.707
205,24.695,23.232,23.524,40.707,40.447
206,25.049,23.646,23.494,40.447,40.23
207,25.184,24.32,23.648,40.23,39.43
208,25.728,22.201,22.996,39.43,38.703
209,25.351,22.319,22.512,38.703,38.002
210,25.246,22.404,22.327,38.002,37.057
211,25.688,21.303,21.724,37.057,36.21
212,24.354,21.441,21.789,36.21,34.969
213,23.674,19.4,21.037,34.969,34.203
214,24.723,20.818,20.982,34.203,33.443
215,25.771,20.739,20.507,33.443,32.455
216,24.563,19.489,19.826,32.455,31.743
217,24.967,20.166,19.895,31.743,30.681
218,24.643,18.209,19.405,30.681,29.777
219,25.033,17.958,19.133,29.777,29.101
220,25.645,18.157,18.835,29.101,28.533
221,25.091,18.009,18.367,28.533,28.15
222,25.335,18.236,18.176,28.15,27.637
223,25.925,17.11,17.846,27.637,27.446
224,25.556,17.734,17.603,27.446,27.284
225,25.357,17.333,17.193,27.284,27.334
226,24.881,17.685,17.42,27.334,27.652
227,25.58,18.488,17.945,27.652,27.733
228,24.812,17.186,17.552,27.733,28.062
229,25.735,17.66,17.777,28.062,28.54
230,24.96,17.957,17.799,28.54,29.108
231,24.714,18.122,17.935,29.108,29.843
232,25.684,18.717,18.275,29.843,30.766
233,25.778,19.635,18.496,30.766,31.589
234,25.402,19.454,19.113,31.589,32.275
235,25.275,18.926,19.044,32.275,32.925
236,25.967,18.661,19.194,32.925,34.184
237,25.619,21.444,20.36,34.184,35.507
238,25.893,22.706,21.636,35.507,36.298
239,25.479,21.32,21.206,36.298,37.274
240,25.611,22.567,21.863,37.274,38.093
241,24.619,22.61,22.462,38.093,38.772
242,25.886,22.615,22.542,38.772,39.482
243,24.841,23.348,23.038,39.482,40.06
244,25.281,23.524,23.111,40.06,40.662
245,25.987,24.391,23.781,40.662,41.092
246,25.935,24.538,23.995,41.092,41.109
247,24.954,23.419,23.597,41.109,41.027
248,25.727,23.286,23.198,41.027,41.155
249,25.712,24.624,23.94,41.155,40.816
250,25.089,23.244,23.691,40.816,40.749
251,25.276,24.748,23.446,40.749,40.164
252,25.192,23.071,22.721,40.164,39.571
253,25.626,23.075,22.646,39.571,38.787
254,25.99,22.282,22.544,38.787,37.998
255,25.916,22.128,22.291,37.998,37.283
256,25.231,22.391,22.264,37.283,36.277
257,25.209,21.062,22.03,36.277,35.561
258,25.355,22.012,22.248,35.561,34.401
259,25.528,19.925,21.332,34.401,33.297
260,25.453,19.435,20.715,33.297,32.344
261,26.103,19.41,20.54,32.344,31.563
262,24.983,19.656,20.139,31.563,30.559
263,26.398,18.182,19.555,30.559,29.903
264,25.839,18.935,19.0,29.903,29.238
265,25.948,18.418,18.701,29.238,28.456
266,25.6,17.217,17.865,28.456,28.009
267,25.489,17.808,17.863,28.009,27.779
268,24.745,18.22,17.87,27.779,27.448
269,25.449,17.304,17.458,27.448,27.351
270,25.047,17.649,17.212,27.351,27.37
271,25.761,17.648,17.305,27.37,27.599
272,25.83,18.124,17.654,27.599,27.896
273,25.869,18.128,17.941,27.896,28.157
274,25.727,17.61,17.917,28.157,28.718
275,25.989,18.512,17.904,28.718,29.408
276,25.188,18.998,17.885,29.408,30.171
277,26.213,19.351,18.199,30.171,31.005
278,25.353,19.756,18.945,31.005,31.741
279,25.758,19.44,18.943,31.741,32.591
280,25.458,19.963,19.112,32.591,33.502
281,24.803,20.428,19.399,33.502,34.449
282,25.606,20.92,19.761,34.449,35.554
283,26.033,22.109,20.51,35.554,36.607
284,26.005,22.645,21.026,36.607,37.653
285,25.38,23.415,22.16,37.653,38.256
286,25.806,22.214,22.037,38.256,39.181
287,25.548,24.058,22.985,39.181,39.796
288,25.853,23.577,22.915,39.796,40.482
289,25.662,24.562,23.172,40.482,40.774
290,26.064,23.618,23.219,40.774,40.879
291,25.764,23.173,23.011,40.879,41.077
292,26.343,23.928,23.218,41.077,41.263
293,25.737,24.508,23.723,41.263,41.219
294,25.269,24.197,23.742,41.219,41.032
295,26.465,24.073,23.601,41.032,40.818
296,25.784,24.41,24.068,40.818,40.052
297,25.49,22.326,23.283,40.052,39.405
298,26.798,22.63,22.934,39.405,38.858
299,26.454,23.135,22.875,38.858,38.194
300,26.128,22.84,22.938,38.194,37.583
301,26.285,23.214,23.23,37.583,36.505
302,26.233,21.217,22.356,36.505,35.338
303,26.12,20.244,20.861,35.338,34.445
304,25.38,20.828,20.97,34.445,33.483
305,25.807,20.181,20.79,33.483,32.547
306,25.456,19.803,20.122,32.547,31.651
307,25.899,19.443,19.683,31.651,30.625
308,25.813,18.227,19.157,30.625,29.844
309,25.492,18.452,19.015,29.844,29.259
310,25.739,18.699,18.448,29.259,28.684
311,25.536,18.241,18.754,28.684,28.06
312,26.397,17.342,18.15,28.06,27.669
313,25.674,17.537,18.034,27.669,27.617
314,26.171,18.452,17.915,27.617,27.564
315,25.582,18.138,17.555,27.564,27.823
316,25.465,19.145,17.817,27.823,27.789
317,25.989,17.625,17.61,27.789,27.674
318,26.395,16.481,17.089,27.674,28.32
319,25.139,19.075,17.681,28.32,28.562
320,26.423,17.262,17.474,28.562,29.076
321,25.761,17.899,17.595,29.076,29.758
322,26.367,18.41,18.065,29.758,30.79
323,25.699,20.013,18.778,30.79,31.848
324,25.377,20.615,19.463,31.848,32.614
325,24.982,19.738,19.171,32.614,33.52
326,26.688,20.447,19.35,33.52,34.588
327,25.722,21.525,20.312,34.588,35.515
328,25.891,21.492,21.075,35.515,36.458
329,26.694,22.058,21.142,36.458,37.333
330,26.141,22.35,21.668,37.333,38.157
331,25.226,22.733,22.328,38.157,39.032
332,25.842,23.657,23.076,39.032,39.488
333,26.582,22.572,22.911,39.488,40.061
334,25.935,23.513,23.1,40.061,40.367
335,25.935,22.981,22.792,40.367,40.867
336,25.614,24.376,23.474,40.867,41.055
337,25.401,23.86,23.24,41.055,41.066
338,25.721,23.639,23.195,41.066,41.182
339,26.326,24.634,23.591,41.182,41.054
340,25.606,24.29,23.985,41.054,40.652
341,25.708,23.547,23.823,40.652,40.22
342,25.709,23.64,23.18,40.22,39.55
343,25.996,22.798,22.748,39.55,38.846
344,26.303,22.63,22.454,38.846,38.108
345,25.226,22.469,22.225,38.108,37.3
346,26.489,22.132,22.377,37.3,36.597
347,26.098,22.532,22.497,36.597,35.425
348,25.367,20.373,21.836,35.425,34.493
349,25.632,20.784,21.696,34.493,33.364
350,25.486,19.471,20.943,33.364,32.585
351,25.637,20.353,20.537,32.585,31.693
352,25.5,19.524,20.487,31.693,30.946
353,25.959,19.626,20.51,30.946,30.093
354,26.526,18.643,20.074,30.093,29.416
355,25.205,18.677,19.345,29.416,28.629
356,26.158,17.489,18.541,28.629,28.141
357,26.773,17.9,17.951,28.141,27.724
358,25.54,17.551,17.546,27.724,27.444
359,25.754,17.458,17.506,27.444,27.569
360,26.143,18.697,17.881,27.569,27.498
361,25.993,17.582,17.77,27.498,27.623
362,25.511,17.842,17.831,27.623,27.909
363,26.156,18.116,17.952,27.909,28.3
364,25.823,18.249,17.953,28.3,28.774
365,25.526,18.334,18.341,28.774,29.385
366,25.736,18.718,18.548,29.385,30.205
367,25.754,19.584,18.657,30.205,30.842
368,26.25,18.873,18.77,30.842,31.693
369,25.608,19.716,18.921,31.693,32.593
370,25.81,20.12,19.62,32.593,33.662
371,26.137,21.183,20.455,33.662,34.45
372,26.093,20.428,20.574,34.45,35.465
373,26.092,21.685,20.925,35.465,36.356
374,25.699,21.727,21.33,36.356,37.27
375,25.124,22.364,21.598,37.27,38.28
376,25.139,23.517,22.287,38.28,38.713
377,25.555,21.752,22.042,38.713,39.489
378,26.013,23.566,23.045,39.489,39.966
379,25.903,23.054,23.19,39.966,40.441
380,26.419,23.628,23.357,40.441,40.933
381,25.134,24.466,23.576,40.933,41.28
382,26.328,24.727,24.004,41.28,41.048
383,25.992,22.859,23.566,41.048,40.974
384,25.414,23.694,23.625,40.974,40.911
385,26.233,24.257,23.842,40.911,40.32
386,25.647,22.407,23.347,40.32,40.028
387,25.814,23.753,23.777,40.028,39.464
388,26.306,22.984,23.26,39.464,38.712
389,25.705,22.257,22.856,38.712,37.863
390,26.055,21.716,22.214,37.863,37.004
391,26.374,21.481,21.975,37.004,36.145
392,26.19,21.296,21.944,36.145,35.311
393,25.328,21.227,21.705,35.311,34.4
394,25.239,20.696,21.383,34.4,33.408
395,25.8,19.965,20.811,33.408,32.535
396,25.493,19.979,20.456,32.535,31.706
397,25.484,19.743,20.38,31.706,30.684
398,25.663,18.337,19.763,30.684,29.783
399,25.9,17.978,19.243,29.783,29.131
400,26.338,18.28,18.607,29.131,28.371
401,25.852,17.145,18.423,28.371,28.032
402,25.218,18.177,18.437,28.032,27.431
403,26.062,16.493,17.736,27.431,27.339
404,25.095,17.862,18.099,27.339,27.382
405,25.959,18.132,17.949,27.382,27.715
406,25.851,19.193,18.655,27.715,27.85
407,26.109,18.251,18.492,27.85,28.078
408,26.566,18.215,18.681,28.078,28.548
409,25.858,18.911,19.005,28.548,28.895
410,25.944,18.142,18.469,28.895,29.559
411,26.387,19.169,18.759,29.559,30.162
412,25.469,18.839,18.796,30.162,30.931
413,26.112,19.435,19.058,30.931,31.919
414,25.817,20.519,19.942,31.919,32.823
415,26.034,20.512,20.19,32.823,33.5
416,25.91,19.703,19.757,33.5,34.373
417,26.307,20.564,20.182,34.373,35.402
418,26.561,21.621,21.154,35.402,36.404
419,26.546,22.147,21.633,36.404,37.337
420,25.025,22.538,21.91,37.337,38.487
421,25.66,24.293,22.902,38.487,39.281
422,25.594,23.817,23.141,39.281,39.745
423,25.731,23.03,22.96,39.745,40.24
424,26.292,23.564,23.104,40.24,40.793
425,26.181,24.457,23.841,40.793,41.057
426,26.264,23.965,24.086,41.057,41.232
427,26.185,24.113,24.515,41.232,41.158
428,25.251,23.531,24.182,41.158,41.27
429,25.626,24.766,24.564,41.27,40.841
430,25.896,23.004,23.77,40.841,40.477
431,26.296,23.376,23.621,40.477,40.149
432,26.038,23.844,24.098,40.149,39.566
433,25.668,23.096,23.63,39.566,38.797
434,26.59,22.343,23.279,38.797,38.211
435,26.448,23.115,23.34,38.211,37.388
436,26.186,22.229,22.943,37.388,36.348
437,26.371,21.075,22.011,36.348,35.635
438,25.71,22.144,21.993,35.635,34.42
439,25.569,19.786,21.001,34.42,33.537
440,26.032,20.517,21.034,33.537,32.707
441,25.354,20.399,20.484,32.707,31.833
442,26.429,19.814,20.311,31.833,30.893
443,25.733,18.939,19.554,30.893,30.197
444,25.772,19.3,19.501,30.197,29.241
445,25.051,17.524,18.543,29.241,28.657
446,25.839,18.166,18.174,28.657,28.259
447,25.358,18.375,18.145,28.259,27.751
448,25.613,17.31,18.086,27.751,27.681
449,25.254,18.504,18.499,27.681,27.476
450,25.975,17.523,18.171,27.476,27.48
451,25.481,17.782,18.201,27.48,27.775
452,25.99,18.623,18.389,27.775,27.789
453,25.515,17.071,17.897,27.789,28.076
454,25.977,17.557,17.744,28.076,28.581
455,26.08,18.107,17.876,28.581,29.283
456,25.483,18.829,17.972,29.283,30.134
457,25.124,19.562,19.135,30.134,30.796
458,25.424,18.877,19.168,30.796,31.646
459,25.92,19.634,19.646,31.646,32.465
460,25.822,19.657,19.842,32.465,33.314
461,24.845,19.921,19.846,33.314,34.216
462,25.644,20.395,20.126,34.216,35.071
463,25.243,20.531,20.348,35.071,35.98
464,25.277,21.155,20.662,35.98,37.087
465,24.786,22.656,21.476,37.087,38.011
466,25.938,22.803,21.753,38.011,39.007
467,25.886,23.986,22.24,39.007,39.651
468,25.255,23.43,22.367,39.651,40.158
469,25.427,23.467,23.083,40.158,40.515
470,25.863,23.387,23.376,40.515,40.891
471,25.187,24.032,23.63,40.891,41.127
472,25.473,24.129,23.689,41.127,41.008
473,24.966,23.139,23.544,41.008,40.89
474,25.982,23.424,23.3,40.89,40.86
475,24.911,24.273,23.545,40.86,40.668
476,25.817,24.223,24.074,40.668,40.151
477,25.379,23.262,24.044,40.151,39.656
478,25.585,23.516,23.869,39.656,38.85
479,25.611,22.321,23.353,38.85,38.187
480,24.823,22.831,23.307,38.187,36.91
481,25.276,20.029,21.895,36.91,35.859
482,24.901,20.224,21.312,35.859,34.854
483,25.462,19.94,20.861,34.854,33.97
484,26.015,20.061,20.435,33.97,32.949
485,25.865,19.11,19.826,32.949,32.326
486,26.382,20.406,20.106,32.326,31.522
487,26.202,19.512,19.748,31.522,30.816
488,25.08,19.536,19.553,30.816,29.926
489,25.864,18.249,19.11,29.926,29.329
490,26.096,18.78,18.657,29.329,28.713
491,25.469,18.16,18.439,28.713,28.165
492,25.046,17.751,18.369,28.165,27.869
493,25.262,18.165,18.075,27.869,27.562
494,25.608,17.572,17.637,27.562,27.291
495,25.068,17.009,17.266,27.291,27.538
496,24.802,18.632,17.705,27.538,27.36
497,25.642,16.466,17.427,27.36,27.378
498,25.707,16.398,16.828,27.378,27.897
499,25.783,17.978,17.437,27.897,28.295
500,25.257,17.301,17.379,28.295,29.311
501,25.008,19.844,18.193,29.311,30.019
502,24.786,18.929,18.081,30.019,30.854
503,24.735,19.507,18.382,30.854,31.559
504,25.352,19.043,18.798,31.559,32.3
505,24.819,19.137,18.83,32.3,33.617
506,25.374,21.876,20.292,33.617,34.563
507,24.821,21.108,20.751,34.563,35.429
508,25.426,21.162,21.012,35.429,36.242
509,24.643,21.295,21.144,36.242,36.953
510,24.592,21.208,21.562,36.953,37.884
511,25.734,22.612,21.663,37.884,38.674
512,25.265,22.795,22.186,38.674,39.498
513,25.404,23.729,22.597,39.498,40.058
514,25.684,23.467,22.705,40.058,40.654
515,25.093,24.357,23.57,40.654,40.891
516,24.462,23.603,23.559,40.891,40.923
517,26.417,23.158,23.294,40.923,41.006
518,24.761,23.762,23.557,41.006,40.804
519,24.355,23.019,23.216,40.804,40.545
520,24.998,23.036,22.839,40.545,39.984
521,24.977,21.945,22.481,39.984,39.87
522,24.893,24.038,23.028,39.87,39.051
523,24.508,21.508,22.521,39.051,38.473
524,24.597,22.396,22.441,38.473,37.7
525,24.777,21.683,22.012,37.7,37.058
526,25.411,22.24,22.024,37.058,36.07
527,24.461,20.771,21.628,36.07,34.985
528,24.822,19.911,21.194,34.985,34.04
529,25.176,19.99,20.728,34.04,33.139
530,24.61,19.8,20.275,33.139,32.408
531,24.271,20.207,20.037,32.408,31.627
532,25.47,19.757,20.0,31.627,30.817
533,24.908,19.218,19.638,30.817,29.806
534,24.976,17.675,18.858,29.806,29.098
535,25.296,18.052,18.402,29.098,28.307
536,24.764,16.941,17.757,28.307,27.987
537,24.719,18.162,18.192,27.987,27.843
538,23.916,18.593,18.175,27.843,27.648
539,25.182,18.061,18.078,27.648,27.338
540,24.858,16.967,17.675,27.338,27.29
541,25.032,17.305,17.511,27.29,27.558
542,25.404,18.175,17.865,27.558,27.944
543,24.451,18.484,18.316,27.944,28.246
544,24.615,17.886,17.843,28.246,28.569
545,24.073,17.524,17.931,28.569,29.202
546,25.049,18.48,18.168,29.202,29.89
547,23.97,18.649,18.618,29.89,30.714
548,24.269,19.241,18.855,30.714,31.806
549,24.285,20.65,19.277,31.806,32.506
550,25.443,19.353,19.269,32.506,33.592
551,24.51,21.123,20.115,33.592,34.427
552,24.541,20.536,20.003,34.427,35.599
553,24.709,22.392,20.675,35.599,36.335
554,24.664,21.21,21.014,36.335,37.505
555,24.832,23.551,22.088,37.505,38.28
556,24.368,22.789,22.503,38.28,38.985
557,25.009,23.049,22.774,38.985,39.603
558,24.409,23.265,22.947,39.603,39.944
559,24.312,22.597,22.872,39.944,40.429
560,24.467,23.64,22.917,40.429,40.76
561,24.043,23.675,23.282,40.76,41.16
562,24.894,24.694,23.994,41.16,41.305
563,24.283,24.452,24.444,41.305,41.128
564,24.802,23.633,24.018,41.128,40.987
565,24.264,24.141,24.072,40.987,40.682
566,24.535,23.9,24.059,40.682,40.205
567,24.345,23.472,24.058,40.205,39.478
568,24.432,22.504,23.507,39.478,38.659
569,25.176,21.959,22.862,38.659,37.894
570,25.076,22.029,22.371,37.894,37.125
571,24.427,21.962,22.322,37.125,36.039
572,23.675,20.417,21.722,36.039,35.291
573,24.884,21.462,21.718,35.291,34.504
574,23.588,21.251,21.542,34.504,33.52
575,24.916,20.179,20.885,33.52,32.615
576,24.796,20.015,20.462,32.615,31.766
577,25.043,19.779,20.14,31.766,30.854
578,24.502,18.964,19.68,30.854,29.916
579,23.795,18.083,18.658,29.916,29.107
580,24.59,17.755,18.578,29.107,28.492
581,24.186,17.792,18.274,28.492,27.818
582,24.121,16.788,17.684,27.818,27.521
583,24.018,17.582,17.608,27.521,27.187
584,24.621,16.86,17.234,27.187,26.974
585,23.979,16.659,17.35,26.974,27.127
586,24.501,17.659,17.105,27.127,27.261
587,24.302,17.267,17.068,27.261,27.702
588,24.305,18.248,17.335,27.702,28.063
589,24.342,17.764,17.64,28.063,28.55
590,23.64,18.0,17.719,28.55,29.034
591,24.413,17.739,17.721,29.034,29.565
592,24.315,17.623,17.811,29.565,30.665
593,23.956,20.013,18.7,30.665,31.444
594,24.296,19.078,18.722,31.444,32.307
595,24.359,19.529,18.993,32.307,33.341
596,23.834,20.54,19.517,33.341,34.128
597,23.652,19.89,19.778,34.128,35.117
598,23.995,21.021,20.369,35.117,35.801
599,24.256,20.161,20.027,35.801,36.793
600,24.018,21.815,20.795,36.793,37.791
601,24.199,22.661,21.514,37.791,38.287
602,23.939,21.241,21.171,38.287,39.045
603,23.507,22.77,22.238,39.045,39.716
604,24.588,23.238,22.628,39.716,40.33
605,23.649,23.874,23.319,40.33,40.616
606,25.097,23.297,23.223,40.616,40.893
607,23.917,23.867,23.714,40.893,40.938
608,23.905,23.53,23.838,40.938,40.871
609,23.955,23.544,23.801,40.871,40.708
610,23.642,23.609,23.703,40.708,40.368
611,23.805,23.266,23.29,40.368,40.072
612,23.999,23.812,23.426,40.072,39.452
613,23.2,22.792,23.093,39.452,38.55
614,23.929,21.52,22.452,38.55,37.771
615,22.862,21.784,22.256,37.771,36.831
616,24.235,20.942,21.617,36.831,35.905
617,23.331,20.688,21.222,35.905,35.203
618,23.824,21.46,21.08,35.203,34.365
619,22.931,20.864,21.121,34.365,33.397
620,23.962,20.02,20.733,33.397,32.587
621,23.729,20.258,20.804,32.587,31.557
622,23.105,18.873,19.954,31.557,30.483
623,23.632,17.843,18.837,30.483,29.785
624,24.027,18.608,18.718,29.785,29.044
625,24.074,17.862,18.388,29.044,28.445
626,23.93,17.763,18.331,28.445,27.906
627,22.781,17.35,18.075,27.906,27.652
628,23.449,17.934,18.424,27.652,27.375
629,23.526,17.354,18.112,27.375,27.088
630,23.292,16.62,17.415,27.088,27.15
631,23.339,17.413,17.546,27.15,27.284
632,23.372,17.304,17.378,27.284,27.559
633,23.156,17.498,17.31,27.559,28.028
634,23.639,18.035,17.656,28.028,28.665
635,23.172,18.661,18.301,28.665,28.982
636,23.338,17.13,17.867,28.982,29.753
637,23.217,18.678,17.892,29.753,30.451
638,22.833,18.414,17.986,30.451,31.401
639,23.289,19.536,18.772,31.401,32.373
640,23.508,19.973,18.871,32.373,33.171
641,23.447,19.53,19.243,33.171,33.892
642,23.69,19.289,19.432,33.892,34.967
643,24.134,21.042,19.792,34.967,35.941
644,22.19,21.292,20.389,35.941,36.953
645,23.428,22.141,20.758,36.953,37.803
646,23.899,22.224,21.001,37.803,38.552
647,22.68,22.466,21.914,38.552,39.317
648,23.297,23.243,22.635,39.317,40.146
649,23.617,24.443,23.602,40.146,40.522
650,22.848,23.458,23.637,40.522,40.868
651,23.038,23.904,24.009,40.868,41.086
652,23.337,24.004,23.967,41.086,40.903
653,23.412,22.767,23.745,40.903,40.591
654,23.902,22.321,23.235,40.591,40.485
655,23.325,23.414,23.177,40.485,39.994
656,23.511,22.176,22.987,39.994,39.549
657,23.079,22.478,22.41,39.549,39.029
658,23.252,22.398,22.024,39.029,38.44
659,23.479,22.304,21.969,38.44,37.643
660,23.095,21.516,21.59,37.643,36.648
661,22.475,20.464,21.54,36.648,35.717
662,22.816,20.359,21.064,35.717,34.899
663,22.946,20.594,20.853,34.899,33.963
664,22.549,19.888,20.668,33.963,33.111
665,22.722,19.905,20.299,33.111,32.131
666,22.815,18.976,19.53,32.131,31.274
667,23.193,18.933,19.453,31.274,30.264
668,23.125,17.675,18.791,30.264,29.6
669,22.984,18.405,18.526,29.6,28.945
670,23.633,17.962,18.15,28.945,28.312
671,23.54,17.436,17.636,28.312,27.954
672,22.723,17.989,17.887,27.954,27.523
673,22.476,17.174,18.159,27.523,27.198
674,23.181,16.906,17.537,27.198,27.086
675,22.582,17.161,17.314,27.086,27.059
676,23.268,16.986,17.13,27.059,27.271
677,23.245,17.523,17.193,27.271,27.756
678,22.797,18.474,17.527,27.756,27.989
679,22.754,17.243,17.526,27.989,28.409
680,22.068,17.56,17.742,28.409,29.086
681,23.186,18.418,18.158,29.086,29.977
682,22.757,19.425,18.7,29.977,30.766
683,22.52,19.22,18.98,30.766,31.427
684,22.845,18.686,18.93,31.427,32.372
685,22.412,19.887,19.385,32.372,33.165
686,22.811,19.502,19.515,33.165,34.021
687,21.989,19.925,19.82,34.021,35.016
688,22.929,20.872,20.171,35.016,36.004
689,22.353,21.438,21.145,36.004,36.992
690,22.904,22.132,21.25,36.992,37.541
691,22.948,20.855,21.246,37.541,38.322
692,21.647,22.181,21.663,38.322,38.966
693,22.362,22.287,22.005,38.966,39.507
694,22.522,22.486,22.004,39.507,40.14
695,21.812,23.617,22.439,40.14,40.622
696,22.268,23.915,23.009,40.622,40.579
697,22.79,22.352,22.962,40.579,40.62
698,22.283,22.987,23.072,40.62,40.618
699,22.211,23.326,22.893,40.618,40.431
700,22.155,23.071,22.956,40.431,39.9
701,22.233,21.896,22.475,39.9,39.604
702,22.008,23.035,22.724,39.604,38.792
703,22.09,21.094,22.034,38.792,38.302
704,21.967,22.384,21.975,38.302,37.653
705,21.872,21.988,22.204,37.653,36.664
706,22.138,20.512,21.437,36.664,35.795
707,21.83,20.679,21.451,35.795,34.818
708,22.493,19.965,20.679,34.818,34.082
709,22.085,20.708,20.666,34.082,32.832
710,21.831,18.204,19.769,32.832,32.101
711,21.649,19.696,19.972,32.101,31.381
712,22.629,19.539,19.994,31.381,30.511
713,21.874,18.519,19.308,30.511,29.606
714,22.337,17.67,18.305,29.606,28.987
715,22.07,18.142,18.413,28.987,28.424
716,22.153,17.844,18.277,28.424,27.963
717,21.995,17.684,17.81,27.963,27.551
718,22.249,17.275,17.649,27.551,27.268
719,22.76,17.155,17.139,27.268,27.0
720,21.657,16.532,17.018,27.0,27.031
721,21.734,17.12,17.345,27.031,27.246
722,21.792,17.492,17.623,27.246,27.365
723,22.038,16.693,17.543,27.365,27.581
724,22.184,16.508,16.955,27.581,28.028
725,21.316,17.01,17.016,28.028,29.007
726,21.759,19.222,17.882,29.007,29.509
727,21.926,17.44,17.627,29.509,30.338
728,21.953,18.63,17.726,30.338,31.336
729,21.625,19.578,17.982,31.336,32.191
730,22.245,19.311,18.954,32.191,33.037
731,22.234,19.454,19.07,33.037,34.033
732,22.602,20.378,19.653,34.033,35.057
733,21.517,21.029,19.921,35.057,36.012
734,21.915,21.35,20.1,36.012,36.666
735,22.738,20.558,20.256,36.666,37.642
736,21.811,22.346,21.13,37.642,38.357
737,21.167,22.035,21.431,38.357,38.947
738,22.013,22.085,21.202,38.947,39.557
739,21.682,22.787,22.071,39.557,40.262
740,21.708,24.039,23.031,40.262,40.466
741,21.394,22.795,23.105,40.466,40.428
742,20.71,22.115,22.723,40.428,40.43
743,22.233,22.552,22.379,40.43,40.465
744,21.845,23.186,22.446,40.465,40.235
745,21.36,22.61,22.186,40.235,39.949
746,21.438,22.738,22.284,39.949,39.699
747,21.67,23.332,22.841,39.699,38.885
748,21.788,21.247,22.143,38.885,38.237
749,21.781,21.786,21.983,38.237,37.313
750,21.57,20.567,21.467,37.313,36.583
751,20.877,21.177,21.322,36.583,35.733
752,21.564,20.637,20.933,35.733,34.816
753,21.121,20.149,20.442,34.816,34.175
754,21.521,21.155,20.955,34.175,33.292
755,21.079,20.111,20.617,33.292,32.485
756,21.576,20.101,20.385,32.485,31.339
757,20.963,18.148,19.508,31.339,30.555
758,20.959,18.858,19.171,30.555,29.675
759,21.059,17.861,18.494,29.675,28.617
760,21.278,16.167,17.642,28.617,28.122
761,21.383,17.549,17.75,28.122,27.633
762,20.678,17.052,17.696,27.633,27.372
763,21.278,17.444,17.82,27.372,26.842
764,21.07,15.679,16.544,26.842,26.467
765,21.407,15.313,15.912,26.467,26.631
766,21.505,16.864,16.25,26.631,27.021
767,20.918,17.661,16.894,27.021,27.322
768,20.294,17.183,17.126,27.322,27.364
769,21.233,15.607,16.67,27.364,27.68
770,20.85,16.025,16.416,27.68,28.524
771,20.416,18.001,16.835,28.524,29.287
772,20.982,17.878,17.238,29.287,30.119
773,21.274,18.274,17.873,30.119,31.026
774,20.515,18.778,18.255,31.026,31.926
775,22.032,19.005,18.456,31.926,32.656
776,20.668,18.462,18.623,32.656,33.687
777,21.249,19.908,18.837,33.687,34.787
778,20.88,20.814,19.436,34.787,35.738
779,20.432,20.885,19.894,35.738,36.466
780,20.68,20.451,20.269,36.466,37.44
781,21.219,22.002,21.429,37.44,38.348
782,21.092,22.619,21.966,38.348,39.031
783,21.626,22.515,22.705,39.031,39.436
784,20.995,21.946,22.581,39.436,39.808
785,20.319,22.257,22.504,39.808,40.093
786,21.431,22.42,22.718,40.093,40.407
787,20.671,23.171,23.039,40.407,40.534
788,20.822,23.11,22.923,40.534,40.465
789,20.875,22.867,22.45,40.465,40.258
790,21.039,22.719,22.831,40.258,40.227
791,21.137,23.988,23.001,40.227,39.535
792,20.391,21.691,22.415,39.535,38.906
793,20.03,21.853,22.489,38.906,38.152
794,20.892,21.317,22.267,38.152,37.32
795,20.775,20.867,21.805,37.32,36.553
796,20.438,21.01,21.443,36.553,35.722
797,20.357,20.679,21.216,35.722,34.872
798,20.788,20.45,20.757,34.872,33.827
799,20.516,19.326,20.305,33.827,32.765
800,20.981,18.675,19.767,32.765,31.741
801,19.892,18.19,19.096,31.741,30.454
802,20.691,16.238,17.791,30.454,29.81
803,19.911,18.052,17.912,29.81,29.096
804,20.877,17.408,17.538,29.096,28.268
805,20.682,16.298,17.015,28.268,27.758
806,20.687,16.897,16.943,27.758,27.24
807,21.326,16.303,16.46,27.24,26.979
808,20.845,16.791,16.882,26.979,26.728
809,20.963,16.353,16.852,26.728,26.599
810,20.285,16.295,16.389,26.599,26.619
811,20.59,16.399,16.838,26.619,26.754
812,20.339,16.426,16.811,26.754,26.986
813,21.097,16.41,16.704,26.986,27.488
814,20.495,17.241,17.113,27.488,27.91
815,20.574,16.733,16.688,27.91,28.676
816,20.71,18.013,17.008,28.676,29.458
817,20.285,18.221,17.55,29.458,30.435
818,20.529,19.249,18.223,30.435,31.18
819,19.979,18.534,18.671,31.18,32.061
820,20.503,19.171,18.657,32.061,33.002
821,20.444,19.69,18.996,33.002,34.166
822,19.71,21.121,19.598,34.166,35.016
823,20.468,20.424,19.866,35.016,35.814
824,19.914,20.532,20.425,35.814,36.746
825,20.346,21.552,21.129,36.746,37.502
826,20.226,21.43,21.422,37.502,38.097
827,20.548,21.229,21.153,38.097,38.767
828,20.234,22.034,21.29,38.767,39.389
829,20.41,22.543,21.665,39.389,39.874
830,20.307,22.717,22.008,39.874,40.261
831,19.862,23.015,22.182,40.261,40.488
832,20.491,23.037,22.393,40.488,40.807
833,20.303,24.161,23.066,40.807,40.815
834,19.711,23.683,23.685,40.815,40.488
835,20.347,22.734,23.169,40.488,39.899
836,19.386,21.715,22.695,39.899,39.31
837,20.17,21.635,22.101,39.31,38.843
838,20.103,22.25,22.03,38.843,38.171
839,19.92,21.602,22.302,38.171,37.303
840,20.072,20.726,21.947,37.303,36.717
841,19.668,21.847,21.721,36.717,35.713
842,19.847,20.128,21.117,35.713,34.695
843,19.819,19.633,20.567,34.695,33.574
844,19.997,18.667,20.149,33.574,32.64
845,20.343,18.863,19.67,32.64,31.837
846,19.998,19.035,19.57,31.837,30.811
847,19.638,17.639,18.526,30.811,30.07
848,19.079,18.187,18.405,30.07,29.266
849,19.775,17.413,18.219,29.266,28.621
850,19.989,17.454,18.173,28.621,27.92
851,19.371,16.572,17.523,27.92,27.527
852,19.148,17.169,17.474,27.527,27.262
853,19.76,17.252,17.455,27.262,27.231
854,19.628,17.875,17.527,27.231,26.781
855,19.854,15.603,16.758,26.781,26.771
856,19.026,16.557,16.798,26.771,27.002
857,20.302,17.134,16.961,27.002,27.282
858,19.786,17.053,17.175,27.282,27.611
859,19.416,16.908,16.8,27.611,28.061
860,19.609,17.075,16.757,28.061,28.468
861,19.968,16.553,16.857,28.468,29.564
862,19.485,19.37,17.964,29.564,30.268
863,20.194,18.127,18.251,30.268,31.184
864,20.037,19.07,18.652,31.184,32.158
865,19.252,19.622,19.091,32.158,33.025
866,19.336,19.497,19.312,33.025,33.933
867,19.312,19.939,19.498,33.933,34.859
868,19.671,20.399,20.389,34.859,35.681
869,19.059,20.387,20.479,35.681,36.488
870,19.979,20.73,20.557,36.488,37.35
871,19.879,21.506,21.131,37.35,38.371
872,18.654,23.008,21.885,38.371,38.865
873,18.717,21.654,21.986,38.865,39.39
874,19.465,22.242,22.205,39.39,39.917
875,20.029,22.915,22.606,39.917,40.129
876,19.859,22.259,22.533,40.129,40.11
877,20.339,21.642,22.463,40.11,40.242
878,19.08,22.643,22.198,40.242,40.171
879,20.145,22.365,22.741,40.171,40.181
880,19.56,23.265,23.301,40.181,39.718
881,19.84,21.802,22.524,39.718,39.373
882,19.955,22.495,22.661,39.373,38.559
883,19.764,20.706,22.03,38.559,37.891
884,18.335,21.144,22.021,37.891,37.205
885,19.085,21.126,21.728,37.205,36.41
886,18.736,20.688,21.523,36.41,35.558
887,18.979,20.341,21.081,35.558,34.822
888,19.94,20.717,20.915,34.822,33.801
889,18.487,19.359,20.228,33.801,32.881
890,19.946,19.307,19.555,32.881,31.777
891,19.452,18.003,19.134,31.777,30.92
892,18.847,18.345,18.622,30.92,30.058
893,19.11,17.79,18.599,30.058,29.456
894,18.939,18.356,18.51,29.456,28.812
895,19.46,17.773,18.046,28.812,28.135
896,19.283,17.01,17.577,28.135,27.424
897,18.4,16.014,16.964,27.424,26.913
898,19.481,15.905,16.611,26.913,26.764
899,18.363,16.729,16.932,26.764,26.459
900,18.738,15.518,16.512,26.459,26.632
901,18.528,16.891,16.819,26.632,26.913
902,18.884,17.144,16.768,26.913,27.171
903,19.228,16.796,16.785,27.171,27.492
904,18.639,16.688,16.951,27.492,27.921
905,19.043,16.773,16.725,27.921,28.449
906,19.063,16.9,16.718,28.449,29.217
907,19.379,17.775,16.961,29.217,29.898
908,18.749,17.441,17.215,29.898,30.842
909,18.871,18.585,17.933,30.842,31.808
910,19.33,19.014,18.54,31.808,32.973
911,19.355,20.333,19.312,32.973,33.969
912,17.937,20.27,19.591,33.969,34.788
913,19.18,19.95,19.96,34.788,35.486
914,18.874,19.678,19.584,35.486,36.356
915,19.336,20.705,19.996,36.356,37.163
916,19.428,21.025,20.558,37.163,38.134
917,18.852,22.457,21.442,38.134,38.804
918,19.667,22.094,21.678,38.804,39.315
919,18.637,22.074,21.95,39.315,39.75
920,19.091,22.356,22.216,39.75,40.126
921,17.783,22.757,22.778,40.126,40.275
922,17.805,22.441,22.906,40.275,40.385
923,18.77,22.81,23.014,40.385,40.182
924,18.85,21.976,22.483,40.182,40.006
925,18.514,22.399,22.786,40.006,39.666
926,18.81,22.098,22.72,39.666,39.131
927,19.353,21.505,22.34,39.131,38.454
928,19.109,20.95,21.682,38.454,37.872
929,19.142,21.384,21.544,37.872,37.216
930,18.565,21.236,21.582,37.216,36.255
931,19.395,19.916,20.887,36.255,35.389
932,19.374,20.016,20.454,35.389,34.301
933,18.56,18.759,19.454,34.301,33.418
934,18.493,19.145,19.2,33.418,32.399
935,18.58,18.198,18.629,32.399,31.557
936,19.575,18.447,18.586,31.557,30.59
937,19.034,17.456,17.89,30.59,29.754
938,19.298,17.362,18.065,29.754,28.986
939,18.117,17.059,17.711,28.986,28.361
940,19.168,17.08,17.654,28.361,27.691
941,19.907,16.288,17.511,27.691,27.099
942,18.587,15.841,16.644,27.099,26.777
943,18.55,16.267,16.468,26.777,26.339
944,18.552,15.125,15.968,26.339,26.513
945,18.795,17.091,16.359,26.513,26.555
946,18.491,16.355,16.218,26.555,26.529
947,17.736,15.555,15.866,26.529,26.834
948,18.109,16.382,16.061,26.834,27.259
949,19.251,16.619,16.166,27.259,27.589
950,18.852,15.913,15.906,27.589,28.337
951,18.962,17.395,16.467,28.337,29.104
952,17.96,17.585,17.429,29.104,29.744
953,18.604,17.053,17.276,29.744,30.516
954,18.395,17.513,17.529,30.516,31.548
955,18.726,18.785,17.809,31.548,32.686
956,19.544,19.771,18.736,32.686,33.612
957,18.143,19.461,18.958,33.612,34.539
958,18.532,19.863,19.434,34.539,35.532
959,17.64,20.669,19.616,35.532,36.273
960,18.521,20.172,19.963,36.273,37.319
961,18.391,22.023,20.807,37.319,37.934
962,19.211,21.018,20.448,37.934,38.801
963,18.482,22.701,21.502,38.801,39.351
964,18.837,22.258,21.8,39.351,39.75
965,17.907,22.24,21.955,39.75,40.063
966,18.939,22.459,22.127,40.063,40.354
967,18.825,23.011,22.451,40.354,40.348
968,17.88,22.392,22.526,40.348,40.322
969,17.481,22.756,22.343,40.322,40.314
970,18.153,23.431,22.849,40.314,39.729
971,18.97,21.446,22.594,39.729,39.327
972,18.287,22.24,22.531,39.327,38.796
973,18.9,21.976,22.167,38.796,38.062
974,18.163,21.229,21.85,38.062,37.252
975,18.222,20.818,21.441,37.252,36.435
976,18.191,20.662,21.118,36.435,35.524
977,17.886,20.099,20.742,35.524,34.615
978,18.275,19.838,20.319,34.615,33.517
979,18.284,18.644,19.95,33.517,32.343
980,18.329,17.626,19.2,32.343,31.478
981,17.951,18.245,19.061,31.478,30.509
982,17.774,17.315,18.33,30.509,29.513
983,17.788,16.464,17.652,29.513,28.821
984,18.357,17.021,17.39,28.821,28.277
985,18.532,17.192,17.426,28.277,27.707
986,18.076,16.623,17.179,27.707,27.119
987,18.516,15.887,17.035,27.119,26.851
988,18.336,16.556,16.765,26.851,26.57
989,19.083,15.998,16.504,26.57,26.473
990,18.919,16.185,16.424,26.473,26.218
991,17.589,14.876,15.878,26.218,26.555
992,17.912,16.719,16.453,26.555,26.648
993,18.567,15.414,16.026,26.648,27.105
994,18.554,16.463,15.96,27.105,27.829
995,19.305,17.533,16.645,27.829,28.44
996,17.567,17.143,16.48,28.44,29.247
997,19.079,17.946,16.999,29.247,29.873
998,18.092,17.227,17.225,29.873,31.006
999,18.244,19.447,18.214,31.006,31.639
1000,18.441,17.701,18.156,31.639,32.487
1001,18.156,18.545,18.419,32.487,33.541
1002,18.085,19.734,19.073,33.541,34.538
1003,17.793,20.084,19.464,34.538,35.599
1004,18.042,20.988,19.859,35.599,36.132
1005,18.314,19.293,19.701,36.132,37.112
1006,18.616,21.476,20.299,37.112,37.883
1007,18.249,21.416,21.213,37.883,38.697
1008,18.238,22.364,21.338,38.697,39.168
1009,18.631,21.707,21.65,39.168,39.586
1010,17.522,22.027,21.901,39.586,40.012
1011,18.604,22.721,22.324,40.012,40.034
1012,17.719,21.646,21.807,40.034,40.201
1013,18.292,22.679,22.393,40.201,40.317
1014,17.938,23.193,22.487,40.317,40.079
1015,18.463,22.324,22.085,40.079,39.793
1016,18.691,22.476,22.19,39.793,39.159
1017,18.432,21.246,21.099,39.159,38.443
1018,18.564,20.814,21.282,38.443,37.853
1019,17.896,21.325,21.163,37.853,37.201
1020,17.641,21.227,20.871,37.201,36.395
1021,17.787,20.626,20.471,36.395,35.381
1022,17.296,19.545,20.008,35.381,34.477
1023,17.983,19.624,20.092,34.477,33.428
1024,17.8,18.649,19.459,33.428,32.55
1025,18.172,18.887,19.483,32.55,31.503
1026,17.855,17.719,18.481,31.503,30.829
1027,18.108,18.762,18.509,30.829,29.839
1028,17.776,17.026,17.561,29.839,29.023
1029,18.814,16.976,16.947,29.023,28.38
1030,17.033,17.056,16.874,28.38,27.72
1031,18.04,16.366,16.279,27.72,27.007
1032,18.221,15.312,15.847,27.007,26.587
1033,18.075,15.647,15.217,26.587,26.415
1034,17.519,16.076,15.664,26.415,26.362
1035,17.625,16.137,15.654,26.362,26.301
1036,18.389,15.616,15.745,26.301,26.592
1037,17.992,16.64,15.681,26.592,26.938
1038,17.646,16.68,16.276,26.938,27.172
1039,17.648,15.884,16.196,27.172,27.692
1040,17.463,16.676,16.211,27.692,28.237
1041,18.938,16.597,16.064,28.237,28.945
1042,18.495,17.139,15.82,28.945,29.794
1043,18.143,17.784,16.576,29.794,30.56
1044,17.939,17.565,16.675,30.56,31.469
1045,17.976,18.273,17.493,31.469,32.445
1046,18.386,18.868,18.047,32.445,33.622
1047,17.413,20.255,18.927,33.622,34.523
1048,17.441,19.76,19.246,34.523,35.628
1049,17.902,21.173,20.033,35.628,36.484
1050,17.571,20.879,20.311,36.484,37.377
1051,17.659,21.648,20.836,37.377,38.084
1052,18.735,21.556,20.964,38.084,38.392
1053,18.653,20.29,20.997,38.392,38.962
1054,17.594,21.666,21.458,38.962,39.64
1055,18.22,22.925,22.206,39.64,39.996
1056,17.825,22.481,22.64,39.996,40.274
1057,17.561,22.835,22.707,40.274,40.048
1058,18.446,21.209,21.62,40.048,40.282
1059,17.872,23.498,22.248,40.282,39.961
1060,18.233,21.874,22.208,39.961,39.636
1061,17.783,22.092,22.415,39.636,39.309
1062,17.709,22.446,22.484,39.309,38.583
1063,17.62,21.013,22.41,38.583,37.851
1064,17.661,20.885,21.828,37.851,37.136
1065,18.313,20.921,21.736,37.136,36.27
1066,17.453,20.235,21.576,36.27,35.48
1067,17.563,20.401,20.942,35.48,34.434
1068,17.488,19.113,20.027,34.434,33.786
1069,17.811,20.487,20.462,33.786,32.893
1070,18.155,19.41,20.419,32.893,31.665
1071,18.023,17.434,19.294,31.665,30.917
1072,17.782,18.677,18.891,30.917,29.884
1073,17.334,16.968,18.22,29.884,29.274
1074,17.535,18.03,17.921,29.274,28.347
1075,18.18,16.124,17.119,28.347,27.533
1076,17.972,15.578,16.491,27.533,27.259
1077,18.128,17.094,16.472,27.259,26.893
1078,18.342,16.322,16.25,26.893,26.603
1079,17.71,16.024,16.159,26.603,26.449
1080,18.192,15.967,16.135,26.449,26.12
1081,17.822,14.486,15.635,26.12,26.151
1082,17.306,15.1,15.68,26.151,26.693
1083,18.085,16.879,15.732,26.693,27.045
1084,17.156,16.04,16.081,27.045,27.851
1085,18.133,17.823,16.316,27.851,28.513
1086,17.939,17.42,16.782,28.513,29.134
1087,17.817,17.181,16.805,29.134,29.95
1088,17.915,17.942,17.071,29.95,30.625
1089,17.584,17.395,16.95,30.625,31.606
1090,17.576,18.723,17.959,31.606,32.621
1091,17.301,19.286,18.537,32.621,33.566
1092,17.927,19.439,18.791,33.566,34.502
1093,17.513,19.832,19.435,34.502,35.327
1094,17.48,19.809,19.983,35.327,36.169
1095,18.717,20.307,20.266,36.169,36.925
1096,17.862,20.471,20.453,36.925,37.711
1097,18.438,21.176,20.661,37.711,38.559
1098,17.379,22.238,21.293,38.559,39.17
1099,17.931,22.146,21.309,39.17,39.584
1100,18.507,22.009,21.606,39.584,39.72
1101,17.862,21.341,21.222,39.72,40.125
1102,17.941,22.984,21.986,40.125,40.126
1103,17.725,22.039,21.831,40.126,40.072
1104,17.882,22.256,21.827,40.072,39.713
1105,17.788,21.344,21.65,39.713,39.877
1106,17.859,24.01,22.647,39.877,39.311
1107,18.123,21.707,22.52,39.311,38.483
1108,17.725,20.534,21.657,38.483,37.862
1109,17.773,21.247,21.647,37.862,37.128
1110,19.035,20.85,21.139,37.128,36.168
1111,18.064,19.773,20.883,36.168,35.476
1112,18.153,20.698,21.03,35.476,34.502
1113,17.558,19.448,20.503,34.502,33.408
1114,18.003,18.476,19.627,33.408,32.457
1115,18.672,18.505,19.257,32.457,31.35
1116,17.867,17.279,18.55,31.35,30.32
1117,18.741,16.814,17.746,30.32,29.641
1118,18.423,17.661,18.072,29.641,28.678
1119,17.309,15.944,16.839,28.678,28.337
1120,18.285,17.917,17.232,28.337,27.652
1121,17.666,16.177,16.545,27.652,27.03
1122,17.345,15.632,16.036,27.03,26.581
1123,17.56,15.547,15.954,26.581,26.441
1124,17.98,16.217,16.124,26.441,26.09
1125,18.058,14.761,15.482,26.09,26.321
1126,18.156,16.554,16.009,26.321,26.405
1127,18.178,15.684,15.823,26.405,26.751
1128,18.311,16.37,15.665,26.751,27.002
1129,18.263,15.653,15.635,27.002,27.465
1130,17.838,16.12,15.882,27.465,28.174
1131,17.522,17.002,16.563,28.174,28.98
1132,18.702,17.499,17.087,28.98,29.892
1133,18.399,18.143,17.535,29.892,30.922
1134,17.97,18.987,18.353,30.922,31.682
1135,18.329,18.167,18.08,31.682,32.46
1136,18.161,18.28,18.161,32.46,33.563
1137,17.406,19.924,19.068,33.563,34.5
1138,18.143,19.832,19.18,34.5,35.435
1139,18.928,20.329,19.555,35.435,36.648
1140,17.974,22.255,20.949,36.648,37.379
1141,18.256,21.148,20.91,37.379,38.227
1142,17.778,22.23,21.811,38.227,38.786
1143,18.086,21.724,21.525,38.786,39.435
1144,18.103,22.699,21.783,39.435,39.967
1145,17.768,23.015,22.366,39.967,40.025
1146,17.649,21.607,22.018,40.025,40.103
1147,18.062,21.936,21.703,40.103,40.238
1148,18.471,22.641,22.248,40.238,40.066
1149,18.173,21.881,21.823,40.066,39.697
1150,18.971,21.282,21.578,39.697,39.357
1151,18.295,21.582,21.348,39.357,39.129
1152,18.335,22.454,21.7,39.129,38.654
1153,18.434,21.911,22.138,38.654,37.831
1154,18.136,20.57,21.281,37.831,37.341
1155,18.064,21.959,21.369,37.341,36.373
1156,17.864,20.09,20.631,36.373,35.448
1157,18.32,19.93,20.297,35.448,34.426
1158,18.581,19.172,19.656,34.426,33.477
1159,17.887,19.04,19.116,33.477,32.657
1160,18.087,19.245,19.159,32.657,31.585
1161,18.434,17.778,18.493,31.585,30.505
1162,18.153,16.964,17.861,30.505,29.852
1163,17.739,18.093,18.476,29.852,29.114
1164,18.181,17.366,17.966,29.114,28.463
1165,18.739,17.172,17.87,28.463,28.038
1166,18.817,17.625,17.577,28.038,27.583
1167,17.859,17.073,17.6,27.583,27.04
1168,18.034,16.016,17.36,27.04,26.648
1169,19.227,15.784,16.86,26.648,26.452
1170,18.775,15.843,16.422,26.452,26.388
1171,18.262,15.755,15.963,26.388,26.587
1172,18.724,16.344,15.745,26.587,26.918
1173,18.18,16.599,16.187,26.918,27.21
1174,18.359,16.127,16.155,27.21,27.719
1175,18.236,16.688,16.154,27.719,28.294
1176,18.573,16.783,16.611,28.294,28.981
1177,18.263,17.131,17.03,28.981,29.814
1178,18.284,17.769,17.044,29.814,30.735
1179,18.25,18.34,17.708,30.735,31.784
1180,18.515,19.229,18.333,31.784,32.528
1181,18.621,18.289,18.378,32.528,33.553
1182,18.033,19.668,18.829,33.553,34.49
1183,18.453,19.818,19.512,34.49,35.506
1184,18.793,20.694,20.287,35.506,36.408
1185,18.429,20.892,20.523,36.408,37.432
1186,18.279,22.147,21.403,37.432,38.022
1187,18.145,21.089,21.349,38.022,38.358
1188,17.948,20.322,21.414,38.358,38.981
1189,19.071,21.864,21.319,38.981,39.373
1190,18.732,21.593,21.372,39.373,39.812
1191,18.535,22.43,21.724,39.812,40.057
1192,18.865,22.375,22.08,40.057,40.175
1193,18.191,22.486,22.375,40.175,40.334
1194,18.698,23.349,22.938,40.334,40.156
1195,18.369,22.641,23.014,40.156,39.862
1196,18.576,22.568,23.182,39.862,39.34
1197,17.985,21.893,22.399,39.34,38.529
1198,18.877,20.663,21.849,38.529,37.962
1199,18.27,21.58,21.61,37.962,37.145
1200,18.417,20.619,21.01,37.145,36.475
1201,18.784,21.182,21.316,36.475,35.461
1202,18.09,19.678,20.356,35.461,34.468
1203,18.727,19.331,20.025,34.468,33.299
1204,19.451,18.06,19.156,33.299,32.557
1205,18.199,19.322,19.33,32.557,31.48
1206,18.474,17.588,17.978,31.48,30.673
1207,18.443,18.089,18.211,30.673,29.824
1208,18.612,17.439,17.95,29.824,28.965
1209,18.327,16.742,17.497,28.965,28.52
1210,18.093,17.903,17.614,28.52,27.904
1211,19.134,16.811,17.061,27.904,27.35
1212,18.473,16.377,16.571,27.35,26.917
1213,18.311,16.153,16.391,26.917,26.675
1214,19.24,16.293,16.635,26.675,26.381
1215,18.894,15.419,16.251,26.381,26.507
1216,18.324,16.541,16.318,26.507,26.513
1217,18.528,15.626,16.26,26.513,26.968
1218,19.002,17.069,16.429,26.968,27.528
1219,18.165,17.487,16.85,27.528,27.978
1220,18.83,16.935,16.918,27.978,28.561
1221,18.493,17.252,17.075,28.561,29.423
1222,18.465,18.412,17.356,29.423,30.245
1223,19.016,18.452,17.696,30.245,31.103
1224,18.992,18.753,18.296,31.103,32.08
1225,19.288,19.504,19.032,32.08,32.89
1226,19.176,19.095,18.992,32.89,33.617
1227,18.645,18.85,19.029,33.617,34.613
1228,19.151,20.205,19.552,34.613,35.717
1229,17.322,21.323,19.965,35.717,36.525
1230,19.352,20.795,20.234,36.525,37.312
1231,18.603,21.212,20.559,37.312,37.991
1232,18.658,21.314,21.147,37.991,38.787
1233,17.84,22.456,22.09,38.787,39.257
1234,19.077,21.853,21.87,39.257,39.887
1235,19.166,23.183,22.508,39.887,40.056
1236,19.052,22.003,21.932,40.056,40.162
1237,19.404,22.117,22.169,40.162,40.012
1238,19.285,21.386,21.86,40.012,40.037
1239,18.087,22.441,22.316,40.037,39.88
1240,18.527,22.245,22.387,39.88,39.556
1241,19.492,21.964,22.355,39.556,39.162
1242,19.057,21.993,22.464,39.162,38.673
1243,19.515,21.899,22.438,38.673,38.041
1244,18.854,21.511,21.779,38.041,37.32
1245,19.548,21.208,21.364,37.32,36.487
1246,19.732,20.696,20.976,36.487,35.691
1247,19.296,20.733,20.769,35.691,34.661
1248,19.174,19.539,20.336,34.661,33.534
1249,18.421,18.585,20.092,33.534,32.639
1250,19.22,18.984,19.339,32.639,31.5
1251,18.344,17.431,18.415,31.5,30.733
1252,19.245,18.313,18.634,30.733,29.905
1253,18.832,17.642,18.425,29.905,29.009
1254,19.025,16.701,17.63,29.009,28.452
1255,19.72,17.443,17.16,28.452,27.585
1256,18.918,15.504,16.697,27.585,27.187
1257,19.422,16.589,16.464,27.187,26.708
1258,19.203,15.661,15.969,26.708,26.817
1259,18.701,17.62,16.602,26.817,26.771
1260,19.183,16.836,16.641,26.771,26.827
1261,19.151,16.858,16.56,26.827,26.782
1262,18.807,15.915,16.312,26.782,27.231
1263,18.883,17.49,16.875,27.231,27.633
1264,18.828,17.17,16.771,27.633,28.146
1265,20.167,17.41,16.877,28.146,28.596
1266,19.209,16.902,17.113,28.596,29.295
1267,19.412,17.693,17.534,29.295,30.055
1268,19.048,17.944,17.36,30.055,30.923
1269,19.057,18.489,17.818,30.923,31.76
1270,18.797,18.536,18.086,31.76,32.34
1271,19.363,17.468,17.886,32.34,33.401
1272,19.461,19.523,18.295,33.401,34.431
1273,19.711,20.006,18.865,34.431,35.384
1274,19.955,20.298,19.798,35.384,36.402
1275,19.63,21.242,20.577,36.402,37.271
1276,18.601,21.394,20.836,37.271,37.977
1277,19.151,21.376,21.106,37.977,38.609
1278,19.634,21.655,21.872,38.609,39.187
1279,18.7,22.066,21.79,39.187,39.572
1280,19.447,21.905,21.687,39.572,40.081
1281,19.259,23.092,22.193,40.081,40.176
1282,19.477,22.107,21.957,40.176,40.146
1283,19.309,21.982,21.982,40.146,40.12
1284,19.529,22.421,22.225,40.12,39.923
1285,19.417,22.195,22.503,39.923,39.694
1286,19.119,22.487,22.76,39.694,39.212
1287,19.926,21.803,22.336,39.212,38.797
1288,19.563,22.335,22.394,38.797,38.124
1289,20.143,21.52,21.806,38.124,37.303
1290,19.434,20.873,21.504,37.303,36.443
1291,20.493,20.542,21.032,36.443,35.556
1292,20.106,20.224,20.441,35.556,34.546
1293,19.995,19.414,19.987,34.546,33.628
1294,19.472,19.384,19.344,33.628,32.699
1295,20.314,18.981,19.121,32.699,31.638
1296,19.908,17.904,19.124,31.638,30.625
1297,20.666,17.368,18.989,30.625,29.687
1298,19.42,16.939,18.173,29.687,28.933
1299,19.532,17.012,17.553,28.933,28.386
1300,19.809,17.367,17.661,28.386,27.865
1301,19.596,17.038,17.382,27.865,27.393
1302,19.502,16.702,16.83,27.393,26.891
1303,20.095,15.9,16.273,26.891,26.633
1304,19.876,16.171,16.324,26.633,26.501
1305,20.63,16.125,15.684,26.501,26.642
1306,19.313,16.807,16.194,26.642,26.618
1307,19.388,15.707,16.118,26.618,27.045
1308,20.005,17.112,16.572,27.045,27.38
1309,19.175,16.545,16.47,27.38,28.013
1310,19.871,17.559,17.187,28.013,28.758
1311,19.352,18.084,17.439,28.758,29.414
1312,20.0,17.757,17.806,29.414,30.281
1313,19.536,18.654,18.161,30.281,31.186
1314,20.123,19.037,18.479,31.186,32.073
1315,20.408,19.211,18.678,32.073,32.969
1316,19.815,19.498,19.095,32.969,33.976
1317,20.314,20.314,19.571,33.976,34.777
1318,19.682,19.874,19.352,34.777,35.877
1319,20.313,21.573,19.737,35.877,36.493
1320,20.239,20.15,19.931,36.493,37.591
1321,19.798,22.638,21.253,37.591,38.346
1322,20.33,22.139,21.542,38.346,39.107
1323,20.687,22.884,21.897,39.107,39.478
1324,20.498,21.916,22.096,39.478,39.855
1325,19.512,22.347,22.689,39.855,40.249
1326,20.077,23.021,23.038,40.249,40.323
1327,21.145,22.285,22.877,40.323,40.334
1328,19.46,22.419,22.487,40.334,40.303
1329,20.142,22.712,22.753,40.303,39.973
1330,21.066,21.864,22.34,39.973,39.909
1331,19.979,23.355,22.688,39.909,39.752
1332,19.462,23.712,23.319,39.752,39.163
1333,19.994,22.406,22.842,39.163,38.268
1334,19.951,21.071,22.261,38.268,37.614
1335,19.921,21.907,21.961,37.614,36.565
1336,19.925,20.158,21.148,36.565,35.649
1337,20.171,20.293,20.692,35.649,34.688
1338,20.124,19.799,20.711,34.688,33.485
1339,20.293,18.266,19.858,33.485,32.767
1340,21.05,19.744,19.934,32.767,31.908
1341,20.151,18.976,19.417,31.908,30.663
1342,20.744,16.717,18.69,30.663,29.844
1343,20.017,17.566,18.562,29.844,29.304
1344,20.255,18.295,18.151,29.304,28.562
1345,20.883,17.056,17.5,28.562,27.924
1346,20.959,16.773,16.96,27.924,27.521
1347,19.852,17.132,17.025,27.521,27.171
1348,21.233,16.832,17.15,27.171,26.665
1349,20.333,15.462,16.691,26.665,26.568
1350,20.507,16.343,16.478,26.568,26.613
1351,19.933,16.463,16.397,26.613,26.622
1352,21.055,15.814,16.055,26.622,27.047
1353,21.223,17.111,16.517,27.047,27.455
1354,20.104,16.894,16.602,27.455,27.83
1355,20.975,16.456,16.66,27.83,28.625
1356,21.101,18.02,16.945,28.625,29.528
1357,20.041,18.711,17.806,29.528,30.087
1358,20.258,17.377,17.454,30.087,30.809
1359,20.952,17.842,17.772,30.809,31.668
1360,20.436,18.453,17.977,31.668,32.803
1361,21.269,19.956,18.723,32.803,33.902
1362,20.613,20.48,19.37,33.902,34.856
1363,20.904,20.478,19.798,34.856,35.752
1364,20.236,20.734,20.53,35.752,36.741
1365,20.994,21.719,20.875,36.741,37.569
1366,21.315,21.767,21.043,37.569,38.075
1367,20.723,20.918,21.143,38.075,38.811
1368,20.873,22.311,21.786,38.811,39.484
1369,20.435,22.857,22.534,39.484,40.011
1370,20.813,23.072,22.627,40.011,40.259
1371,20.991,22.585,22.568,40.259,40.34
1372,20.801,22.337,22.3,40.34,40.356
1373,21.035,22.474,22.238,40.356,40.175
1374,21.063,22.035,22.383,40.175,40.076
1375,20.779,22.751,22.477,40.076,39.756
1376,21.478,22.309,22.013,39.756,39.242
1377,20.741,21.754,22.389,39.242,38.842
1378,21.457,22.456,22.326,38.842,38.096
1379,21.316,21.25,21.92,38.096,37.491
1380,20.641,21.853,22.028,37.491,36.452
1381,20.799,20.002,21.499,36.452,35.57
1382,21.351,20.266,21.003,35.57,34.622
1383,21.067,19.729,20.521,34.622,33.795
1384,21.325,19.948,20.461,33.795,32.838
1385,21.248,19.121,19.917,32.838,32.073
1386,21.432,19.544,19.591,32.073,31.027
1387,20.683,17.939,19.097,31.027,30.374
1388,21.941,18.965,19.373,30.374,29.437
1389,21.527,17.288,18.432,29.437,28.746
1390,21.377,17.518,17.953,28.746,28.238
1391,20.369,17.701,17.743,28.238,27.73
1392,20.973,17.152,17.428,27.73,27.198
1393,21.032,16.318,17.128,27.198,26.943
1394,20.739,16.7,17.136,26.943,26.859
1395,21.284,16.867,17.023,26.859,26.733
1396,21.069,16.136,16.32,26.733,27.085
1397,21.323,17.648,16.675,27.085,27.21
1398,21.927,16.449,16.86,27.21,27.749
1399,21.012,17.789,17.28,27.749,28.114
1400,21.754,16.898,16.854,28.114,28.742
1401,21.288,17.695,17.118,28.742,29.491
1402,22.319,18.176,17.739,29.491,30.099
1403,21.817,17.549,17.149,30.099,31.143
1404,21.631,19.398,17.781,31.143,31.923
1405,21.461,18.629,17.928,31.923,32.842
1406,21.496,19.355,18.474,32.842,33.774
1407,21.548,19.745,18.893,33.774,34.816
1408,21.542,20.684,19.477,34.816,35.702
1409,21.869,20.622,20.201,35.702,36.835
1410,21.672,22.321,21.003,36.835,37.5
1411,22.108,21.145,20.825,37.5,38.276
1412,21.763,22.089,21.613,38.276,38.994
1413,21.718,22.56,22.162,38.994,39.789
1414,21.08,23.745,22.971,39.789,40.305
1415,22.011,23.529,22.929,40.305,40.385
1416,22.214,22.274,22.316,40.385,40.624
1417,21.846,23.302,22.804,40.624,40.724
1418,21.903,23.343,23.077,40.724,40.459
1419,21.585,22.247,22.525,40.459,40.197
1420,21.283,22.45,22.67,40.197,39.944
1421,21.342,22.828,23.016,39.944,39.322
1422,21.895,21.555,22.318,39.322,38.834
1423,21.609,22.172,22.33,38.834,38.19
1424,21.487,21.721,22.151,38.19,37.409
1425,21.582,21.172,21.782,37.409,36.748
1426,21.317,21.665,21.479,36.748,35.902
1427,21.315,20.932,21.416,35.902,34.925
1428,22.048,20.143,20.991,34.925,33.984
1429,21.684,19.911,20.382,33.984,32.949
1430,21.538,19.065,19.779,32.949,32.319
1431,21.533,20.371,20.141,32.319,31.19
1432,22.35,17.954,18.934,31.19,30.26
1433,22.128,17.915,18.49,30.26,29.504
1434,21.999,17.96,17.773,29.504,28.97
1435,21.984,18.377,18.089,28.97,28.14
1436,22.602,16.544,17.307,28.14,27.679
1437,22.079,17.21,17.718,27.679,27.059
1438,21.88,15.814,17.01,27.059,27.055
1439,22.2,17.664,17.456,27.055,26.752
0,21.533,16.013,16.904,26.752,26.824
1,22.112,16.898,17.112,26.824,27.037
2,21.864,17.14,17.297,27.037,27.212
3,22.616,16.609,16.836,27.212,27.745
4,22.191,17.762,16.93,27.745,28.477
5,22.225,18.638,17.053,28.477,29.201
6,21.607,18.76,17.938,29.201,29.724
7,22.384,17.861,17.866,29.724,30.476
8,22.601,18.623,18.4,30.476,31.348
9,21.96,19.205,18.822,31.348,32.229
10,22.338,19.453,19.045,32.229,33.22
11,22.273,20.209,19.695,33.22,34.316
12,22.143,21.156,20.445,34.316,35.363
13,21.821,21.613,20.752,35.363,36.284
14,22.017,21.698,21.299,36.284,37.156
15,22.483,22.049,21.613,37.156,37.9
16,21.949,22.058,21.719,37.9,38.69
17,22.369,22.822,22.404,38.69,39.293
18,23.0,22.703,22.653,39.293,39.693
19,21.467,22.364,22.438,39.693,40.021
20,22.179,22.47,22.294,40.021,40.394
21,21.984,23.196,22.652,40.394,40.621
22,22.285,23.259,22.795,40.621,40.804
23,22.894,23.734,23.003,40.804,40.706
24,21.511,23.174,23.013,40.706,40.729
25,22.468,24.217,23.756,40.729,40.284
26,22.763,22.802,23.536,40.284,39.692
27,22.168,22.266,23.013,39.692,39.087
28,23.279,22.227,22.58,39.087,38.498
29,22.239,22.407,22.857,38.498,37.858
30,21.984,22.353,22.524,37.858,36.823
31,22.554,20.634,21.673,36.823,36.226
32,22.515,22.244,22.362,36.226,35.214
33,23.137,20.518,21.377,35.214,34.02
34,22.007,19.186,20.705,34.02,33.052
35,23.163,19.446,20.328,33.052,32.186
36,22.733,19.42,19.854,32.186,31.389
37,22.267,19.313,19.226,31.389,30.659
38,23.087,19.2,19.251,30.659,29.914
39,23.114,18.677,19.017,29.914,29.248
40,22.645,18.433,18.606,29.248,28.357
41,22.041,16.715,17.865,28.357,27.824
42,22.62,17.23,17.266,27.824,27.525
43,23.182,17.582,17.279,27.525,27.093
44,22.581,16.401,16.932,27.093,26.988
45,23.742,17.019,16.467,26.988,27.009
46,23.264,17.048,16.875,27.009,27.049
47,22.402,16.626,16.903,27.049,27.055
48,22.454,15.822,16.286,27.055,27.521
49,22.188,17.186,16.801,27.521,28.083
50,22.629,17.454,17.288,28.083,28.728
51,22.659,17.727,17.605,28.728,29.39
52,23.772,17.735,17.529,29.39,30.425
53,23.412,19.411,18.324,30.425,31.118
54,23.042,18.271,18.121,31.118,32.129
55,22.554,19.688,18.719,32.129,32.91
56,22.565,19.04,18.746,32.91,33.998
57,22.648,20.605,19.555,33.998,34.935
58,22.718,20.555,20.085,34.935,35.721
59,23.213,20.343,19.912,35.721,36.731
