head,relation,tail
二甲双胍,禁忌证,严重肾功能不全
布洛芬,禁忌证,消化道出血
美托洛尔,禁忌证,哮喘
呋塞米,禁忌证,痛风
辛伐他汀,禁忌证,甲状腺功能减退
地高辛,禁忌证,严重肾功能不全
华法林,相互作用,阿司匹林
华法林,相互作用,布洛芬
氯吡格雷,相互作用,布洛芬
地高辛,相互作用,呋塞米
卡托普利,相互作用,呋塞米
美托洛尔,相互作用,地高辛
阿司匹林,不良反应,出血
布洛芬,不良反应,胃肠道不适
卡托普利,不良反应,干咳
美托洛尔,不良反应,心动过缓
胰岛素,不良反应,低血糖
阿莫西林,不良反应,皮疹
华法林,不良反应,出血
P001,患有,严重肾功能不全
P001,患有,痛风
P001,服用,二甲双胍
P001,服用,华法林
P001,服用,地高辛
P001,服用,布洛芬
P001,过敏,阿莫西林
P002,患有,2型糖尿病
P002,服用,胰岛素
P003,患有,哮喘
P003,服用,卡托普利
P003,服用,呋塞米
P003,服用,美托洛尔
P003,服用,阿司匹林
P003,过敏,卡托普利
P004,患有,心房颤动
P004,患有,痛风
P004,服用,呋塞米
P004,服用,地高辛
P004,服用,美托洛尔
P004,服用,阿司匹林
P004,过敏,辛伐他汀
P005,患有,心房颤动
P005,患有,高血压
P005,服用,华法林
P005,服用,卡托普利
P005,服用,布洛芬
P005,服用,氯吡格雷
P005,过敏,氯吡格雷
P006,患有,心力衰竭
P006,服用,地高辛
P007,患有,冠心病
P007,患有,心房颤动
P007,患有,消化道出血
P007,服用,地高辛
P007,服用,布洛芬
P007,过敏,阿莫西林
P008,患有,2型糖尿病
P008,患有,心力衰竭
P008,患有,痛风
P008,服用,呋塞米
P008,服用,地高辛
P008,服用,美托洛尔
P008,过敏,呋塞米
