patient_id,name,birth_date,sex
P0001,李永强,21-01-1953,女
P0002,严俊杰,1988/3/13,男
P0003,卫雪梅,10-05-1959,男
P0004,吕晓东,1967/2/9, 女
P0005,沈振华,1962-03-24,女
P0006,华春梅,1962-07-15,女
 P0007,吴永强,1971-12-26,女
P0008,何桂英,1997-04-28,男
P0009,褚玉兰, 1964-09-04,女
P0010,曹红霞,1972/10/3,男
P0011,冯国庆,1952-02-26, 女 
P0012,孙玉兰,02-04-1962,男
P0013,陈国庆,1988/9/22,男
P0014,秦建国,1985/11/4,男
P0015,褚永强,01-03-1948,男
 P0016,吕晓东,1988/6/17,女
P0017,朱俊杰,1978-08-07,女
P0018,韩文博,	1978/5/8,男
P0019,杨雅静,1988-11-19,男
P0020,郑春梅,1995/11/22,男
P0021,李志强,14-08-1967,男
P0022,施雅静,1976/12/5,女
P0023,张雪梅,1975-05-12,男
P0024,陶国庆,1981/7/27,男
P0025,孔淑珍,21-03-1977,女
P0026,金文博,1957/7/19,女
P0027,郑雅静,1970/10/7,
P0028,冯宏伟, 1965-04-27 ,男
P0029,李立新,1964-07-03,男
P0030,韩秀兰,05-12-1996,男
P0031,蒋国庆,1961/5/19,女
P0032,秦俊杰,03-11-1955,女
P0033,冯志强,1960/7/17,女
P0034,	吕淑珍,20-02-1957,男
P0035, 吕晓东 ,23-07-1974,男
P0036,	张秀兰,1959/1/19,女
P0037,陶振华,06-04-1969,女
P0038,李淑珍,1977/4/23,男
P0039,	孙晓东 ,1960/2/6,女
P0040,许海燕,1998-12-17,男
P0028,冯宏伟, 1965-04-27 ,男
P0040,许海燕,1998-12-17,男
